Idiom,Sense,Idiomatic_Sent,Literal_Sent
авгиевы конюшни,"о сильно запущенных делах, беспорядочном скоплении бумаг, документов","Я понимаю, что моя работа не будет простой, однако не думаю, что меня окружают авгиевы конюшни, о которых говорил Сергей Стадлер, когда возглавил наш вуз","Я понимаю, что моя работа не будет простой, однако не думаю, что меня окружают запущенные проблемы, о которых говорил Сергей Стадлер, когда возглавил наш вуз"
авгиевы конюшни,"о сильно запущенных делах, беспорядочном скоплении бумаг, документов","Детская писательница, которая вместо того, чтобы писать детские книги, выгребает за властью авгиевы конюшни из-за бездействия власти","Детская писательница, которая вместо того, чтобы писать детские книги, устранять хаос из-за бездействия власти"
ахиллесова пята,"уязвимое место, слабая сторона какого-либо или чего-либо","Авторы также отмечают, что действия Москвы похожи на целенаправленную атаку на «ахиллесову пяту США»","Авторы также отмечают, что действия Москвы похожи на целенаправленную атаку на уязвимое место США"
ахиллесова пята,"уязвимое место, слабая сторона какого-либо или чего-либо","В ноябре The National Interest написал, что оптические системы по-прежнему остаются «ахиллесовой пятой» практически любого танка, включая Т-14 «Армата»","В ноябре The National Interest написал, что оптические системы по-прежнему остаются уязвимым местом практически любого танка, включая Т-14 «Армата»"
ахиллесова пята,"уязвимое место, слабая сторона какого-либо или чего-либо","«Ахиллесовой пятой» США является ядерный диспаритет, полагает автор The National Interest Дэвид Пайн","Слабым местом США является ядерный диспаритет, полагает автор The National Interest Дэвид Пайн"
бальзам на душу,"о чём-либо долгожданном, приятном, вызывающем чувство удовлетворения, лестном или умиротворяющем",Вице-премьер Дмитрий Рогозин назвал бальзамом на душу статью The New York Times о военной мощи России,Вице-премьер Дмитрий Рогозин назвал крайне приятной статью The New York Times о военной мощи России
бальзам на душу,"о чём-либо долгожданном, приятном, вызывающем чувство удовлетворения, лестном или умиротворяющем",Министр назвал продление продовольственного эмбарго «бальзамом на душу»,Министр назвал продление продовольственного эмбарго успокоением
без оглядки,"без осмотрительности, не думая о последствиях, невзирая ни на что","Рестрикции штампуются по любым поводам, без оглядки на реальность и последствия для двусторонних отношений","Рестрикции штампуются по любым поводам, не учитывая реальность и последствия для двусторонних отношений"
без оглядки,"без осмотрительности, не думая о последствиях, невзирая ни на что","Россиянка отметила, что ей необходимо выходить на лед и кататься без оглядки на соперниц","Россиянка отметила, что ей необходимо выходить на лед и кататься, не обращая внимания на соперниц"
без оглядки,"без осмотрительности, не думая о последствиях, невзирая ни на что","Впредь оно будет действовать так же, без оглядки на то, совершен ли неподобающий проступок в республике или за ее пределами","Впредь оно будет действовать так же, не учитывая, совершен ли неподобающий проступок в республике или за её пределами"
без оглядки,"без осмотрительности, не думая о последствиях, невзирая ни на что","Пенсия по молодости поможет молодежи без оглядки на материальное положение своих родителей путешествовать по своей стране и даже всему миру, осваивать новые интересные хобби и занятия по душе, заводить новые знакомства и даже новые молодые семьи, что значительно поможет справиться со сложной демографической ситуацией в нашей стране","Пенсия по молодости поможет молодежи вне зависимости от материального положения своих родителей путешествовать по своей стране и даже всему миру, осваивать новые интересные хобби и занятия по душе, заводить новые знакомства и даже новые молодые семьи, что значительно поможет справиться со сложной демографической ситуацией в нашей стране"
без понятия,не знать чего-либо,"На запрос ТАСС с просьбой прокомментировать информацию, Карпин дважды ответил: «Без понятия»","На запрос ТАСС с просьбой прокомментировать информацию, Карпин дважды ответил: «Не знаю»"
без понятия,не знать чего-либо,"Я без понятия, что все это значит","Я не знаю, что всё это значит"
бить ключом,"бурно развиваться, проявляться","Думаю, что здесь он встречался бы с людьми, разговаривал, увидел бьющую ключом жизнь","Думаю, что здесь он встречался бы с людьми, разговаривал, увидел насыщенную жизнь"
бить ключом,"бурно развиваться, проявляться","«В голове била ключом только одна мысль: бежать отсюда быстрее и как можно дальше», — заявила Опанасенко","«В голове была только одна мысль: бежать отсюда быстрее и как можно дальше», — заявила Опанасенко"
бить ключом,"бурно развиваться, проявляться","«Чтобы жизнь била ключом, мы старались проводить побольше мероприятий», — добавила она","«Чтобы жизнь была яркой, мы старались проводить побольше мероприятий», — добавила она"
бить себя в грудь,"клятвенно, крикливо уверять кого-то в чём-либо","Теперь же общественность взволновалась не на шутку,  несмотря на то, что сами обвиняемые бьют себя в грудь, уверяя, что уж в суде-то они докажут  свою полную невиновность","Теперь же общественность взволновалась не на шутку, несмотря на то, что сами обвиняемые уверяют, что уж в суде они докажут свою полную невиновность"
биться об заклад,"выражать уверенность в своей правоте, в истинности чего-либо","Бьюсь об заклад, вы не думали о том, что ваши деньги, уплаченные государству в виде налогов, расходуются на сайт о пустынных черепахах","Я уверен, вы не думали о том, что ваши деньги, уплаченные государству в виде налогов, расходуются на сайт о пустынных черепахах"
биться об заклад,"выражать уверенность в своей правоте, в истинности чего-либо","«Бьюсь об заклад, ваш ветеринар так горд!» — предположил один из юзеров","«Я уверен, ваш ветеринар так горд!» — предположил один из юзеров"
биться об заклад,"выражать уверенность в своей правоте, в истинности чего-либо","Готов биться об заклад, что на 30 процентов сборы не выросли","Готов с уверенностью утверждать, что на 30 процентов сборы не выросли"
биться об заклад,"выражать уверенность в своей правоте, в истинности чего-либо","Папа мальчика подписал вверху открытки: ""Бьюсь об заклад, Королевская почта никогда не доставит это письмо!"" Однако, ко всеобщему удивлению, дед Джеймса, 62-х летний механик, который занимается починкой бытовой техники и живет в загородном доме за несколько сотен километров от города Иксворт, все-таки получил почту от внука","Папа мальчика подписал вверху открытки: ""Могу поспорить, Королевская почта никогда не доставит это письмо!"" Однако, ко всеобщему удивлению, дед Джеймса, 62‑х летний механик, который занимается починкой бытовой техники и живет в загородном доме за несколько сотен километров от города Иксворт, всё-таки получил почту от внука"
биться об заклад,"выражать уверенность в своей правоте, в истинности чего-либо","Как пишет The Guardian, Уолш также предложил Брэнсону побиться об заклад, что и через пять лет ему будет принадлежать контроль в Virgin","Как пишет The Guardian, Уолш также предложил Брэнсону поспорить, что и через пять лет ему будет принадлежать контроль в Virgin"
богатый выбор,разнообразное количество вариантов,"В то же время крупные мегаполисы, такие как Лондон, Нью-Йорк и Токио, предлагают богатый выбор магазинов, культурных объектов и ночной развлекательной инфраструктуры","В то же время крупные мегаполисы, такие как Лондон, Нью‑Йорк и Токио, предлагают большое разнообразие магазинов, культурных объектов и ночной развлекательной инфраструктуры"
богатый выбор,разнообразное количество вариантов,"Также на четвертом этаже теперь продаются серфборды ANKER и представлен богатый выбор спортивной одежды для фитнеса и йоги: No Ka Oi, Heroine Sport, Fendi, Ultracor, Koral, Varley, Deha, LAAIN, Monreal London и другие","Также на четвертом этаже теперь продаются серфборды ANKER и представлен широкий ассортимент спортивной одежды для фитнеса и йоги: No Ka Oi, Heroine Sport, Fendi, Ultracor, Koral, Varley, Deha, LAAIN, Monreal London и другие"
богатый выбор,разнообразное количество вариантов,"По словам экспертов, преимущества жизни в экологически благополучном городе с богатым выбором жилья высокого качества омрачает однообразность социальной инфраструктуры","По словам экспертов, преимущества жизни в экологически благополучном городе с большим разнообразием жилья высокого качества омрачает однообразность социальной инфраструктуры"
богатый выбор,разнообразное количество вариантов,"Местная популяция рептилий является весьма крупной, поэтому в период размножения самки имеют богатый выбор","Местная популяция рептилий является весьма крупной, поэтому в период размножения самки имеют множество вариантов"
богатый выбор,разнообразное количество вариантов,"Богатый выбор объектов, доступность ипотеки, скидки и специальные акции способствуют тому, что покупатели готовы принимать конкретные решения и не затягивать с покупкой», — отмечает Дмитрий Халин, управляющий партнер Savills в России","Разнообразие объектов, доступность ипотеки, скидки и специальные акции способствуют тому, что покупатели готовы принимать конкретные решения и не затягивать с покупкой», — отмечает Дмитрий Халин, управляющий партнер Savills в России"
болеть душой,"испытывать постоянную тревогу, беспокоясь о ком-либо, о чём-либо","Это инициатива людей, у которых горят глаза, болит душа за самые разные направления нашей общественной жизни","Это инициатива людей, у которых горят глаза, которые сильно переживают за самые разные направления нашей общественной жизни"
болеть душой,"испытывать постоянную тревогу, беспокоясь о ком-либо, о чём-либо","«Если не болит душа оттого, что невиновные люди погибают, то все остальное превращается в пыль, мусор и пустые слова», — передает слова главы РПЦ  РИА Новости","«Если не чувствуешь сострадания оттого, что невиновные люди погибают, то всё остальное превращается в пыль, мусор и пустые слова», — передаёт слова главы РПЦ РИА Новости"
бред сивой кобылы,"о вздорных, глупых мыслях или высказываниях","Представители ЦВК назвали подобные обвинения ""бредом сивой кобылы""",Представители ЦВК назвали подобные обвинения полным абсурдом
бред сивой кобылы,"о вздорных, глупых мыслях или высказываниях",Научный руководитель Института экономики РАН Руслан Гринберг назвал «бредом сивой кобылы» предложенный Минфином налоговый маневр,Научный руководитель Института экономики РАН Руслан Гринберг назвал предложенный Минфином налоговый маневр полным абсурдом
бросаться в глаза,привлекать внимание своим видом; быть особенно заметным,"И именно потому, что это субсидирование идет не из госбюджета, а из бюджетов множества разных компаний, оно не бросается в глаза общественности, его не обсуждают при голосовании за бюджет страны","И именно потому, что это субсидирование идет не из госбюджета, а из бюджетов множества разных компаний, оно не является очевидным для общественности, его не обсуждают при голосовании за бюджет страны"
бросаться в глаза,привлекать внимание своим видом; быть особенно заметным,"Именно в таких оттенках выполнены самые бросающиеся в глаза предметы — такси, заграждения и предупредительные знаки","Именно в таких оттенках выполнены самые приметные предметы — такси, заграждения и предупредительные знаки"
бросаться в глаза,привлекать внимание своим видом; быть особенно заметным,"Рома сидит здесь уже почти три года, и сразу бросалось в глаза, что администрация легендарного ""Лефортова"" относится к нему с уважением","Рома сидит здесь уже почти три года, и сразу было заметно, что администрация легендарного ""Лефортова"" относится к нему с уважением"
бросить тень,создать неблагоприятное впечатление о чем-нибудь или о ком-нибудь,"Заместитель главы ведомства Сергей Рябков заявил, что цель распространителей вбросов о появлении кокаина на территории посольства — «бросить тень на работу дипмисии»","Заместитель главы ведомства Сергей Рябков заявил, что цель распространителей вбросов о появлении кокаина на территории посольства — создать негативное впечатление о работе дипмиссии"
бросить тень,создать неблагоприятное впечатление о чем-нибудь или о ком-нибудь,"Надеюсь, никто не попытается бросить тень на результат выборов и ссылаться на демократию, чтобы скрыть собственный провал","Надеюсь, никто не попытается дискредитировать результат выборов и ссылаться на демократию, чтобы скрыть собственный провал"
бросить тень,создать неблагоприятное впечатление о чем-нибудь или о ком-нибудь,"Мы не собираемся отвечать на каждые клеветнические заявления мистера Тебаса и комментировать его ложные обвинения в наш адрес, с помощью которых он пытается бросить тень на наш клуб","Мы не собираемся отвечать на каждые клеветнические заявления мистера Тебаса и комментировать его ложные обвинения в наш адрес, с помощью которых он пытается очернить наш клуб"
бросить тень,создать неблагоприятное впечатление о чем-нибудь или о ком-нибудь,"По словам эксперта, «цель данной информационной провокации — бросить тень на Россию и попытаться дискредитировать усилия Москвы по политико-дипломатическому разрешению сирийского кризиса»","По словам эксперта, «цель данной информационной провокации — создать негативный образ России и попытаться дискредитировать усилия Москвы по политико‑дипломатическому разрешению сирийского кризиса»"
бросить тень,создать неблагоприятное впечатление о чем-нибудь или о ком-нибудь,"Однако в 1950-х годах Сталин и Готвальд совершили ряд ошибок, которые бросили тень на их имя, отметил градоначальник","Однако в 1950-х годах Сталин и Готвальд совершили ряд ошибок, которые испортили их репутацию, отметил градоначальник"
в двух шагах,находиться на на очень близком расстоянии,"Слишком много положительного Трамп уже наговорил о России, а теперь, когда он находится в двух шагах от того, чтобы номинироваться в кандидаты в президенты США, ему надо балансировать","Слишком много положительного Трамп уже наговорил о России, а теперь, когда он находится очень близко к тому, чтобы номинироваться в кандидаты в президенты США, ему надо балансировать"
в двух шагах,находиться на на очень близком расстоянии,"В РГСУ подчеркивают, что питейное заведение находится ""в двух шагах"" от проходной университета","В РГСУ подчеркивают, что питейное заведение находится совсем рядом с проходной университета"
в двух шагах,находиться на на очень близком расстоянии,"Мы живем в двух шагах от завода, и который день вонь стоит","Мы живем поблизости с заводом, и который день вонь стоит"
в двух шагах,находиться на на очень близком расстоянии,"Место, где все прощаются, находится в двух шагах","Место, где все прощаются, находится совсем рядом"
в двух шагах,находиться на на очень близком расстоянии,"Мы предложим провести соревнования по триатлону на Сене, в двух шагах от парижской мэрии и Эйфелевой башни","Мы предложим провести соревнования по триатлону на Сене, в непосредственной близости от парижской мэрии и Эйфелевой башни"
в мир иной,"уйти загробный мир, в который уходят люди после смерти, обитель умерших или их душ; умереть","«Может быть, есть люди, которые к такому нормально относятся, но мы очень хотим, чтобы это животное ушло в мир иной», — резюмирует он","«Может быть, есть люди, которые к такому нормально относятся, но мы очень хотим, чтобы это животное умерло», — резюмирует он"
в мир иной,"уйти загробный мир, в который уходят люди после смерти, обитель умерших или их душ; умереть","Вот уйдем в мир иной, одни книги от нас останутся, а пока мы еще здесь, будем позорить сцену», — пояснил Александр Цыпкин","Вот умрем, одни книги от нас останутся, а пока мы еще здесь, будем позорить сцену», — пояснил Александр Цыпкин"
в мир иной,"уйти загробный мир, в который уходят люди после смерти, обитель умерших или их душ; умереть","«Ушел в мир иной великий композитор, народный артист СССР, народный артист Белоруссии Игорь Михайлович Лученок","«Умер великий композитор, народный артист СССР, народный артист Белоруссии Игорь Михайлович Лученок»"
в мир иной,"уйти загробный мир, в который уходят люди после смерти, обитель умерших или их душ; умереть",Под их давлением приставы завели исполнительное производство по взысканию налогов и пеней с ушедшего в мир иной бизнесмена,Под их давлением приставы завели исполнительное производство по взысканию налогов и пеней с умершего бизнесмена
в один голос,"единодушно, согласно друг с другом","«Мы надеемся, что народы Европы скажут в один голос: ""Но пасаран!"" Надо сказать, что мы видим угрозу», — подчеркнул он","«Мы надеемся, что народы Европы скажут все вместе: ""Но пасаран!"" Надо сказать, что мы видим угрозу», — подчеркнул он"
в один голос,"единодушно, согласно друг с другом","«Самое важное: США и Израиль могут в один голос заявить, что Ирану никогда нельзя позволить обзавестись ядерным оружием — подчеркиваю, никогда — и он должен прекратить сеющие смерть финансирование, подготовку и оснащение террористов и вооруженных формирований, и прекратить немедленно»","«Самое важное: США и Израиль могут единогласно заявить, что Ирану никогда нельзя позволить обзавестись ядерным оружием — подчеркиваю, никогда — и он должен прекратить сеющие смерть финансирование, подготовку и оснащение террористов и вооруженных формирований, и прекратить немедленно»"
в поте лица,очень усердно,"Я работал в поте лица, чтобы находиться здесь","Я усердно работал, чтобы находиться здесь"
в поте лица,очень усердно,"Мой незаконнорожденный дед Иван Иваныч в поте лица своего трудился с 1917-го на ""зерновом фронте"", то есть проводил на самом деле продразверстки, стрелял и отстреливался там у себя в Воронежской губернии, в то время как законнорожденная часть семьи кто эмигрировал, а кто пошел в белогвардейцы","Мой незаконнорожденный дед Иван Иваныч неустанно трудился с 1917‑го на «зерновом фронте», то есть проводил на самом деле продразверстки, стрелял и отстреливался там у себя в Воронежской губернии, в то время как законнорожденная часть семьи кто эмигрировал, а кто пошёл в белогвардейцы"
в поте лица,очень усердно,"Он любит показать, в каких условиях, типа, работает, и как он с этим справляется в поте лица","Он любит показать, в каких условиях, типа, работает, и как он с этим справляется с большим усилием"
в пределах разумного,в рамках допустимого и логичного,"Надо поднимать акциз на всю спиртосодержащую продукцию в пределах разумного, чтобы цены были сопоставимыми с водкой","Надо поднимать акциз на всю спиртосодержащую продукцию умеренно, чтобы цены были сопоставимыми с водкой"
в пределах разумного,в рамках допустимого и логичного,"Это, по словам советника, означает, что «при любом курсе ЦБ способен его держать бесконечно долго при условии, что он будет в пределах разумного»","Это, по словам советника, означает, что «при любом курсе ЦБ способен его держать бесконечно долго при условии, что он не будет переходить допустимые границы»"
в пределах разумного,в рамках допустимого и логичного,"По словам прокурора Томской области Василия Войкина, оценка поступку подсудимого должна быть дана ""строгая, но в пределах разумного"", сообщает РАПСИ","По словам прокурора Томской области Василия Войкина, оценка поступку подсудимого должна быть дана ""строгая, но взвешенная"", сообщает РАПСИ"
в пределах разумного,в рамках допустимого и логичного,"Деятельность букмекерских контор и тотализаторов, согласно официальному сообщению, предлагается запретить «до того периода, когда сознательность граждан достигнет понимания, что участие в каких-либо пари должно быть в пределах разумного»","Деятельность букмекерских контор и тотализаторов, согласно официальному сообщению, предлагается запретить «до того периода, когда сознательность граждан достигнет понимания, что участие в каких-либо пари должно быть умеренным»"
в прекрасной форме,находиться в отличном физическом или психологическом состоянии,"По словам продюсера шоу Олега Чеснокова, Попов до последнего момента своей жизни пребывал в прекрасной форме и с удовольствием общался с людьми","По словам продюсера шоу Олега Чеснокова, Попов до последнего момента своей жизни находился в отличном физическом состоянии и с удовольствием общался с людьми"
в прекрасной форме,находиться в отличном физическом или психологическом состоянии,"Спортсмен настаивает, что не испытывает каких-либо проблем со здоровьем и находится в прекрасной форме","Спортсмен настаивает, что не испытывает каких-либо проблем со здоровьем и находится в отличном физическом состоянии"
в прекрасной форме,находиться в отличном физическом или психологическом состоянии,"Тренер российской команды отметил, что Аршавин находится в прекрасной форме","Тренер российской команды отметил, что Аршавин находится в отличном физическом состоянии"
в прекрасной форме,находиться в отличном физическом или психологическом состоянии,"Лоськов в прекрасной форме, но играть в основе пока не может","Лоськов в хорошем физическом состоянии, но играть в основе пока не может"
в прекрасной форме,находиться в отличном физическом или психологическом состоянии,"Умберто Скапини подчеркнул, что Берлускони находится в прекрасной форме для своих лет","Умберто Скапини подчеркнул, что Берлускони очень энергичен для своих лет"
в пух и прах,"совершенно, полностью, окончательно, исключительно (разбить, проиграться) ",«Они вернулись домой разбитыми в пух и прах!» — заявил американский президент,«Они вернулись домой абсолютно разгромленными!» — заявил американский президент
в пух и прах,"совершенно, полностью, окончательно, исключительно (разбить, проиграться) ","Эксперт заключает, что «появление американских крылатых ракет и баллистических ракет средней дальности в Европе в пух и прах разносит систему ответно-встречного удара, которая является основой нашей стратегии ядерного сдерживания","Эксперт заключает, что «появление американских крылатых ракет и баллистических ракет средней дальности в Европе делает абсолютно неэффективной систему ответно-встречного удара, которая является основой нашей стратегии ядерного сдерживания"
в пух и прах,"совершенно, полностью, окончательно, исключительно (разбить, проиграться) ","«Но все равно, когда ты в этом котле варишься всю жизнь с детства, представить трудно, что такую огромную махину можно так разнести в пух и прах», — сказал он","«Но всё равно, когда ты в этом котле варишься всю жизнь с детства, представить трудно, что такую огромную махину можно так полностью разрушить», — сказал он"
в центре внимания,"главный, основной, привлекающий всеобщее внимание",Бывший защитник донецкого «Шахтера» и сборной Украины по футболу Вячеслав Шевчук попал в центр внимания украинских СМИ после отдыха в Крыму,Бывший защитник донецкого «Шахтера» и сборной Украины по футболу Вячеслав Шевчук стал объектом интереса украинских СМИ после отдыха в Крыму
в центре внимания,"главный, основной, привлекающий всеобщее внимание","В центре внимания был контраст пастельных пудрово-розовых и нежно-голубых оттенков с яркими и глубокими бургунди и темно-синим, а также традиционного летнего белого с бирюзовым, оранжевым и желтым","Главный акцент был сделан на контрасте пастельных пудрово-розовых и нежно-голубых оттенков с яркими и глубокими бургунди и темно-синим, а также традиционного летнего белого с бирюзовым, оранжевым и желтым"
в центре внимания,"главный, основной, привлекающий всеобщее внимание","Судя по случаям, для которых герцогиня Сассекская выбирает черную одежду, она не хочет находиться в центре внимания, не хочет, чтобы фанаты фокусировались только на ней","Судя по случаям, для которых герцогиня Сассекская выбирает черную одежду, она не хочет выделяться, не хочет, чтобы фанаты фокусировались только на ней"
в центре внимания,"главный, основной, привлекающий всеобщее внимание","В центре внимания — красавица Мари, главная героиня сказки","Главный акцент — на красавице Мари, главной героине сказки"
валять дурака,"дурачиться, бездельничать, поясничать","Сначала я думала, что он валяет дурака","Сначала я думала, что он паясничает"
валять дурака,"дурачиться, бездельничать, поясничать","«Я ей ничуть не поверил, потому что мы любим валять дурака друг с другом», — объяснил потом мужчина","«Я ей ничуть не поверил, потому что мы любим дурачиться друг с другом», — объяснил потом мужчина"
валять дурака,"дурачиться, бездельничать, поясничать","Один из них крикнул президенту: «Как дела, Ману?» — «Ты можешь валять дурака, но сегодня день, когда исполняют ""Марсельезу"" и «Песню партизан», обращайся ко мне ""господин президент""», — парировал Макрон","Один из них крикнул президенту: «Как дела, Ману?» — «Ты можешь дурачиться, но сегодня день, когда исполняют ""Марсельезу"" и «Песню партизан», обращайся ко мне ""господин президент""», — парировал Макрон"
вариться в собственном соку,"работать, решать проблемы без учёта опыта других, не выходя за рамки своего коллектива. своего учреждения и т. п.","Признаюсь, меня крайне удивило, что в Тульской области нет своего правительства, есть администрация, которая варится в собственном соку и замыкается на главу региона, - заявил чиновник","Признаюсь, меня крайне удивило, что в Тульской области нет своего правительства, есть администрация, которая работает изолированно и замыкается на главу региона, — заявил чиновник"
вверх тормашками,"в перевёрнутом, опрокинутом положении",Среди других новинок этого сезона будут двусторонние и перевернутые вверх тормашками деревья,Среди других новинок этого сезона будут двусторонние и перевернутые верхушкой вниз деревья
вверх тормашками,"в перевёрнутом, опрокинутом положении","«Однако если приложить силу, то датчик можно вогнать в углубление и вверх тормашками», — цитирует издание источник в правоохранительных органах","«Однако если приложить силу, то датчик можно вогнать в углубление и в перевернутом виде», — цитирует издание источник в правоохранительных органах"
вверх тормашками,"в перевёрнутом, опрокинутом положении","Переехав в Чикаго, он стал играть в местных клубах в ковбойской шляпе, иногда переворачивая гитару вверх тормашками для сценического эффекта","Переехав в Чикаго, он стал играть в местных клубах в ковбойской шляпе, иногда переворачивая гитару грифом вниз для сценического эффекта"
вверх тормашками,"в перевёрнутом, опрокинутом положении","Модель надела топ купальника вверх тормашками: она повязала бретельки вокруг тела, а нижние завязки затянула над грудью","Модель надела топ купальника наоборот: она повязала бретельки вокруг тела, а нижние завязки затянула над грудью"
верить на слово,верить чьим-либо словам без доказательств,"Подравшаяся девушка, по словам другого очевидца, нецензурно ругалась, поскольку не имела посадочного талона и хотела, чтобы ей поверили на слово","Подравшаяся девушка, по словам другого очевидца, нецензурно ругалась, поскольку не имела посадочного талона и хотела, чтобы ей поверили без доказательств"
верить на слово,верить чьим-либо словам без доказательств,"«Поверьте на слово, для меня их недовольный взгляд гораздо тяжелее любого наказания!» — написал Заурбек","«Уверяю вас, для меня их недовольный взгляд гораздо тяжелее любого наказания!» — написал Заурбек"
верить на слово,верить чьим-либо словам без доказательств,"WADA стало демонической организацией, которой верят на слово без всяких доказательств","WADA стало демонической организацией, которой верят безоговорочно без всяких доказательств"
верить на слово,верить чьим-либо словам без доказательств,"«Поверьте на слово, фискальной нагрузки у этого инструмента нет», — сказал чиновник","«Доверьтесь моим заверениям, фискальной нагрузки у этого инструмента нет», — сказал чиновник"
верить на слово,верить чьим-либо словам без доказательств,"Певица заявила, что ее покровительница умна, пользуется уважением всего мира, и ей можно верить на слово","Певица заявила, что её покровительница умна, пользуется уважением всего мира, и ей можно полностью доверять"
вертеться на языке,"испытывать острое желание произнести, сказать, спросить, высказать что-либо","Это сделано непреднамеренно, просто вертелось на языке","Это сделано непреднамеренно, просто фраза сама вспомнилась"
вести двойную игру,"действовать в интересах обеих противостоящих, противоборствующих сторон","Эрман предлагает вести двойную игру — в то время как дипломаты открыто призывают к продвижению терпимого по отношению к Западу ислама, разведчики ведут пропаганду среди потенциальных террористов","Эрман предлагает действовать двулично — в то время как дипломаты открыто призывают к продвижению терпимого по отношению к Западу ислама, разведчики ведут пропаганду среди потенциальных террористов"
вести двойную игру,"действовать в интересах обеих противостоящих, противоборствующих сторон","Официальные власти Грузии на разных уровнях, видимо, ведут двойную игру","Официальные власти Грузии на разных уровнях, видимо, действуют двулично"
вести двойную игру,"действовать в интересах обеих противостоящих, противоборствующих сторон","Заявление о том, что Дамаск может вести двойную игру, появились сразу после визита госсекретаря США Джона Керри в Саудовскую Аравию, настаивающую на скорейшем свержении президента Сирии Башара Асада","Заявление о том, что Дамаск может действовать в интересах разных сторон, появилось сразу после визита госсекретаря США Джона Керри в Саудовскую Аравию, настаивающую на скорейшем свержении президента Сирии Башара Асада"
вести двойную игру,"действовать в интересах обеих противостоящих, противоборствующих сторон","По его мнению, Масхадов ""давно публично покаялся бы перед народом, если бы зарубежные политики не вели двойную игру""","По его мнению, Масхадов ""давно публично покаялся бы перед народом, если бы зарубежные политики не действовали двулично"""
взлететь на воздух,"взорваться, разлететься на части от взрыва",14 октября рядом со зданием гостиницы в районе Ходан в Могадишо взлетел на воздух начиненный взрывчаткой грузовик,14 октября рядом со зданием гостиницы в районе Ходан в Могадишо взорвался начиненный взрывчаткой грузовик
взлететь на воздух,"взорваться, разлететься на части от взрыва",Начиненная взрывчаткой машина остановилась вблизи танка и взлетела на воздух,Начиненная взрывчаткой машина остановилась вблизи танка и взорвалась
взять за горло,"принуждать, притеснять кого-либо; заставлять поступать определённым образом","Когда у тебя нет своего и тебе кто-то поставляет, он в любой момент тебя может взять за горло","Когда у тебя нет своего и тебе кто‑то поставляет, он в любой момент может поставить тебя в полную зависимость"
взять за горло,"принуждать, притеснять кого-либо; заставлять поступать определённым образом","Мы должны иметь определенные гарантии, что нас не возьмут за горло","Мы должны иметь определенные гарантии, что нас не прижмут"
взять на вооружение,"принимать для активного пользования, употребления что либо",Исследователь взяла на вооружение уши летучих мышей и кенгуриную сумку для вынашивания потомства,Исследователь использовала уши летучих мышей и кенгуриную сумку для вынашивания потомства
взять на вооружение,"принимать для активного пользования, употребления что либо","Пил решил продемонстрировать технологию создания фейковых новостей, которые, как он утверждает, в ближайшее время могут взять на вооружение вражески настроенные создатели контента","Пил решил продемонстрировать технологию создания фейковых новостей, которые, как он утверждает, в ближайшее время могут использовать вражески настроенные создатели контента"
взять на вооружение,"принимать для активного пользования, употребления что либо","По его словам, сценаристы создавали концовку сериала, взяв на вооружение желания поклонников фэнтезийной саги","По его словам, сценаристы создавали концовку сериала, учитывая желания поклонников фэнтезийной саги"
взять на вооружение,"принимать для активного пользования, употребления что либо",Уже потом эту опасную для Украины политическую ересь взяла на вооружение власть Российской Федерации,Уже потом этой опасной для Украины политической ересью воспользовалась власть Российской Федерации
взять под крыло,оказывать покровительство кому-либо,"Выбранный сперва главой проекта Дэвид Рассел (среди его работ — фильм «Боец») хотел отойти от оригинального сюжета игры и рассказать не о приютском воспитаннике, которого взял под крыло опытный авантюрист, а о клане наподобие мафиозного","Выбранный сперва главой проекта Дэвид Рассел (среди его работ — фильм «Боец») хотел отойти от оригинального сюжета игры и рассказать не о приютском воспитаннике, которого взял к себе опытный авантюрист, а о клане наподобие мафиозного"
взять под крыло,оказывать покровительство кому-либо,"Запад, взяв под крыло украинские власти, которые абсолютно не договороспособны, уже не может публично выступать с критикой того, что делают его подопечные","Запад, выступив покровителем украинских властей, которые абсолютно не договороспособны, уже не может публично выступать с критикой того, что делают его подопечные"
взять под крыло,оказывать покровительство кому-либо,"По сведениям интернет-издания Las Vegas Review Journal, ""низложенного короля поп-музыки"" взял под крыло лас-вегасский предприниматель Джек Вишна, готовящий возвращение Джексона на музыкальную сцену","По сведениям интернет-издания Las Vegas Review Journal, в качестве спонсора ""низложенного короля поп-музыки"" выступил лас-вегасский предприниматель Джек Вишна, готовящий возвращение Джексона на музыкальную сцену"
видать виды,"пережить, испытать многое; иметь много опыта","Даже участковый, видавший виды, ужаснулся от увиденного","Даже участковый, сталкивавшийся со всяким, ужаснулся от увиденного"
видать виды,"пережить, испытать многое; иметь много опыта","Россияне смогли удивить видавших виды посетителей выставки CeBIT, привезя в Ганновер вручную раскрашенные мышки Logitech с портретами Путина и расписные клавиатуры, сообщается на сайте The Inquirer","Россияне смогли удивить бывалых посетителей выставки CeBIT, привезя в Ганновер вручную раскрашенные мышки Logitech с портретами Путина и расписные клавиатуры, сообщается на сайте The Inquirer"
видать виды,"пережить, испытать многое; иметь много опыта","Также, Пард предлагает вернуть предоставленные ему Соопом аккордеон советских времен в плохом состоянии и видавший виды детский велосипед","Также, Пард предлагает вернуть предоставленные ему Соопом аккордеон советских времен в плохом состоянии и старый детский велосипед"
видать виды,"пережить, испытать многое; иметь много опыта","Боссы кинокомпании New Line Cinema встали на защиту актрисы после того, как некоторые сцены с ней из нового фильма ""Рождение"" (Birth) повергли в смятение даже видавший виды Голливуд","Боссы кинокомпании New Line Cinema встали на защиту актрисы после того, как некоторые сцены с ней из нового фильма «Рождение» (Birth) повергли в смятение о всему привыкший Голливуд"
видать виды,"пережить, испытать многое; иметь много опыта","Между тем, источники, близкие к следствию, утверждают, что данные судмедэкспертов ошеломили видавших виды следователей прокуратуры","Между тем, источники, близкие к следствию, утверждают, что данные судмедэкспертов ошеломили опытных следователей прокуратуры"
владеть собой,"контролировать свои чувства, сдерживать их проявление","Ирландец выразил уважение сопернику, отметив, что Мэйуэзер прекрасно владеет собой и проявляет хладнокровие, но уже не так быстр и мощен","Ирландец выразил уважение сопернику, отметив, что Мэйуэзер прекрасно контролирует свои эмоции и проявляет хладнокровие, но уже не так быстр и мощен"
владеть собой,"контролировать свои чувства, сдерживать их проявление","Позже он объяснил, что поддался влиянию момента и позволил злобе овладеть собой","Позже он объяснил, что поддался влиянию момента и позволил злобе взять над ним контроль"
владеть собой,"контролировать свои чувства, сдерживать их проявление","Они обладают большой эмоциональной устойчивостью, в том числе, в стрессовых ситуациях, готовы много работать, хорошо владеют собой в любых ситуациях","Они обладают большой эмоциональной устойчивостью, в том числе в стрессовых ситуациях, готовы много работать, хорошо контролируют свои эмоции в любых ситуациях"
владеть собой,"контролировать свои чувства, сдерживать их проявление","Сценаристка Шарлотта О'Лири вспомнила, как сопровождала взволнованную женщину домой, потому что та не могла владеть собой из-за передозировки антидепрессантами","Сценаристка Шарлотта О'Лири вспомнила, как сопровождала взволнованную женщину домой, потому что та не могла контролировать себя из‑за передозировки антидепрессантами"
владеть собой,"контролировать свои чувства, сдерживать их проявление","Солдат сразу сориентировался, овладел собой, исправился и подхватил оружие","Солдат сразу сориентировался, вернул самообладание, исправился и подхватил оружие"
внести посильную лепту,"делать свой вклад в работу, дело","Мы ее оказываем и призываем всех, кто может, внести посильную лепту в это благое дело», — заявил политик","Мы её оказываем и призываем всех, кто может, помочь с этим благим делом», — заявил политик"
во все глаза,смотреть очень внимательно и пристально,Вы должны во все глаза следить за иностранцами и за нашими гражданами за рубежом,Вы должны внимательно следить за иностранцами и за нашими гражданами за рубежом
во главу угла,"признавать что-либо главным, особенно важным","Пока, как вы знаете, во главу угла сейчас встало 11 ноября — возможная встреча двух президентов в Париже на полях многосторонних мемориальных мероприятий, которые там будут проходить","Пока, как вы знаете, является приоритетом сейчас 11 ноября — возможная встреча двух президентов в Париже на полях многосторонних мемориальных мероприятий, которые там будут проходить"
во главу угла,"признавать что-либо главным, особенно важным","По мнению начальника национального центра по уменьшению ядерной опасности Сергея Рыжкова, своими действиями США «продемонстрировали остальным участникам ДОН, что во главу угла поставлено не соответствие самолета требованиям договора, а политические вопросы","По мнению начальника национального центра по уменьшению ядерной опасности Сергея Рыжкова, своими действиями США «продемонстрировали остальным участникам ДОН, что главным приоритетом является не соответствие самолёта требованиям договора, а политические вопросы»"
во главу угла,"признавать что-либо главным, особенно важным",Нельзя ставить партийную принадлежность во главу угла,Нельзя делать партийную принадлежность приоритетом
во главу угла,"признавать что-либо главным, особенно важным","США в очередной раз продемонстрировали остальным участникам ДОН, что во главу угла поставлено не соответствие самолета требованиям договора, а политические вопросы","США в очередной раз продемонстрировали остальным участникам ДОН, что в приоритет поставлено не соответствие самолета требованиям договора, а политические вопросы"
водить за нос,"обманывать, вводить в заблуждение, дурачить кого-либо","Он отметил, что не только немцы, но и граждане других европейских стран-кредиторов Греции чувствуют, что их водят за нос","Он отметил, что не только немцы, но и граждане других европейских стран‑кредиторов Греции чувствуют, что их обманывают"
водить за нос,"обманывать, вводить в заблуждение, дурачить кого-либо","Глядя на то, как Джейсон Борн водит за нос высококвалифицированных коллег, зрители наверняка подумают о прелестях работы в разведке","Глядя на то, как Джейсон Борн одураичвает высококвалифицированных коллег, зрители наверняка подумают о прелестях работы в разведке"
водить за нос,"обманывать, вводить в заблуждение, дурачить кого-либо","Кроме того Бардо заявила, что ""устала, что ее водит за нос этот народ, который разрушает нас, разрушает Францию, навязывая свой образ жизни""","Кроме того Бардо заявила, что «устала, что ее обманывает этот народ, который разрушает нас, разрушает Францию, навязывая свой образ жизни»"
войти в раж,"прийти в сильное возбуждение, неистовство","Все вместе они начинают скандировать: ""Мертвые требуют смены режима!"" Некоторые из ""зомби"", войдя в раж, начинают пританцовывать и даже бить ладонями по склепам, из которых они только что выбрались","Все вместе они начинают скандировать: ""Мертвые требуют смены режима!"" Некоторые из ""зомби"", взбудоражившись, начинают пританцовывать и даже бить ладонями по склепам, из которых они только что выбрались"
войти в раж,"прийти в сильное возбуждение, неистовство","Блогер была вынуждена удалить снимок, а пользователи вошли в раж и начали подвергать критике почти каждый ее пост","Блогер была вынуждена удалить снимок, а пользователи раззадорились и начали подвергать критике почти каждый её пост"
вокруг да около,"не касаясь главного, сути дела","«Когда вы уже перестанете ходить вокруг да около и сделаете фильм по ""Гриффинам""?» — спросил у аниматора один из поклонников",«Когда вы уже перестанете мешкаться и сделаете фильм по “Гриффинам”?» — спросил у аниматора один из поклонников
вокруг да около,"не касаясь главного, сути дела","В какой-то момент мы просто познакомились с руководством фонда, и они нам предложили не ходить вокруг да около, а поселится здесь в инновационном центре","В какой‑то момент мы просто познакомились с руководством фонда, и они нам предложили не терять время понапрасну, а поселиться здесь в инновационном центре"
вокруг да около,"не касаясь главного, сути дела",Очень важно не ходить вокруг да около и не говорить намеками,Очень важно высказываться прямо и не говорить намеками
вокруг да около,"не касаясь главного, сути дела","Он не собирается ходить вокруг да около с мировым лидером, с которым ему нужно работать, с которым он хочет работать над большими и серьезными вызовами, с которыми наша страна сталкивается прямо сейчас","Он не собирается избегать прямого разговора с мировым лидером, с которым ему нужно работать, с которым он хочет работать над большими и серьезными вызовами, с которыми наша страна сталкивается прямо сейчас"
волей-неволей,"независимо от желания или нежелания; по необходимости, вынужденно, поневоле","Санкции США, вероятно, могут привести к тому, что часть европейских компаний волей-неволей будет вынуждена выйти из Ирана","Санкции США, вероятно, могут привести к тому, что часть европейских компаний вопреки своим интересам будет вынуждена выйти из Ирана"
волей-неволей,"независимо от желания или нежелания; по необходимости, вынужденно, поневоле","Поскольку государство не намерено отказываться от повышения налогов, цены на топливо волей-неволей непременно вырастут","Поскольку государство не намерено отказываться от повышения налогов, цены на топливо неизбежно вырастут"
волей-неволей,"независимо от желания или нежелания; по необходимости, вынужденно, поневоле","«Побывав здесь, волей-неволей мы оказались в числе тех, кто об этом узнал, — цитирует журналист впечатления Ксении Каратыгиной от поездки","«Побывав здесь, мы неизбежно оказались в числе тех, кто об этом узнал, — цитирует журналист впечатления Ксении Каратыгиной от поездки»"
волей-неволей,"независимо от желания или нежелания; по необходимости, вынужденно, поневоле","Я не сильно верю в разные предсказания, но, глядя на эту власть, волей-неволей приходят на ум многочисленные предсказания, что на краю пропасти Украину спасет женщин","Я не сильно верю в разные предсказания, но, глядя на эту власть, неизбежно приходят на ум многочисленные предсказания, что на краю пропасти Украину спасет женщин"
волей-неволей,"независимо от желания или нежелания; по необходимости, вынужденно, поневоле","Судя по всему, социальный контекст запускает процесс воображения — те, кто слышат смех, волей-неволей представляют смеющегося человека","Судя по всему, социальный контекст запускает процесс воображения — те, кто слышат смех, непроизвольно представляют смеющегося человека"
воротить нос,относиться с брезгливым высокомерием и пренебрежением,"Почему демократы должны воротить нос от массового возмущения неспособностью властей ловить и наказывать преступников?, - заявил он ""Эху Москвы""","Почему демократы должны игнорировать массовое возмущение неспособностью властей ловить и наказывать преступников?, - заявил он ""Эху Москвы"""
воротить нос,относиться с брезгливым высокомерием и пренебрежением,"Когда я им указываю, что биржа труда ломится от вакансий маляров, уборщиц, продавцов, они воротят нос","Когда я им указываю, что биржа труда ломится от вакансий маляров, уборщиц, продавцов, они начинают привередничать"
воротить нос,относиться с брезгливым высокомерием и пренебрежением,"«Тогда я не собирался воротить нос от бесплатной еды», — объясняет он","«Тогда я не собирался отказываться от бесплатной еды», — объясняет он"
вставлять палки в колеса,намеренно мешать кому-либо в достижении его целей,"Кроме того, в правящей Социал-демократической партии Румынии, лидером которой является Понта, обвинили Бэсеску в том, что он «пытается вставлять палки в колеса правительству» и пользуется ситуацией вокруг завода «Лукойла» для пропаганды в ходе президентских выборов","Кроме того, в правящей Социал-демократической партии Румынии, лидером которой является Понта, обвинили Бэсеску в том, что он «пытается мешать правительству» и пользуется ситуацией вокруг завода «Лукойла» для пропаганды в ходе президентских выборов"
вставлять палки в колеса,намеренно мешать кому-либо в достижении его целей,"Он также выразил надежду, что западные партнеры не будут «вставлять палки в колеса»","Он также выразил надежду, что западные партнёры не будут создавать препятствия"
вставлять палки в колеса,намеренно мешать кому-либо в достижении его целей,"Microsoft вкладывает деньги в модернизацию своих программ, а AOL - в адвокатов и лоббистов, чтобы вставлять палки в колеса Microsoft","Microsoft вкладывает деньги в модернизацию своих программ, а AOL — в адвокатов и лоббистов, чтобы мешать Microsoft"
вставлять палки в колеса,намеренно мешать кому-либо в достижении его целей,"Он сказал, что пока ""нет 100-процентной уверенности, что на этом вся история закончится, и мне не будут вставлять палки в колеса""","Он сказал, что пока ""нет 100-процентной уверенности, что на этом вся история закончится, и мне не будут препятствовать"""
всякая всячина,"всё, что угодно; самое разное","Тушеное мясо и курятина со всякой всячиной внутри», — вспоминает Пакраван","Тушеное мясо и курятина с различными ингредиентами внутри», — вспоминает Пакраван"
всякая всячина,"всё, что угодно; самое разное","И номерок он на самом деле не потерял, а спрятал в носок, чтобы присовокупить его к своей коллекции всякой всячины: билетиков, открыток, пуговиц, ключей, марок, обрывков бумаги, фотографий","И номерок он на самом деле не потерял, а спрятал в носок, чтобы присовокупить его к своей коллекции различных мелочей: билетиков, открыток, пуговиц, ключей, марок, обрывков бумаги, фотографий"
втереться в доверие,лестью или обманом завоевать чье-то расположение,"В интервью изданию The Wrap он заявил, что в первом эпизоде цикла он расскажет о «русских шпионах с американскими именами», которые пытались «втереться в доверие» к простым жителям США","В интервью изданию The Wrap он заявил, что в первом эпизоде цикла он расскажет о «русских шпионах с американскими именами», которые пытались установить доверительные отношения с простыми жителями США"
втереться в доверие,лестью или обманом завоевать чье-то расположение,"Мужчине удалось втереться в доверие к боевикам и устроиться охранником к одному из лидеров террористов — Абу Умару аш-Шишани, который в конце концов отпустил его повидать мать","Мужчине удалось вызвать доверие у боевиков и устроиться охранником к одному из лидеров террористов — Абу Умару аш-Шишани, который в конце концов отпустил его повидать мать"
втереться в доверие,лестью или обманом завоевать чье-то расположение,"Когда последние осадили ее родной город, она сумела попасть в лагерь врагов и втереться в доверие к полководцу Олоферну","Когда последние осадили её родной город, она сумела попасть в лагерь врагов и вызвать доверие у полководца Олоферна"
втереться в доверие,лестью или обманом завоевать чье-то расположение,"Судя по содержанию переписки, менеджер использовал собственную компанию SocialTube, чтобы втереться в доверие к начинающим YouTube-блогерам, стать их агентом, а затем соблазнить","Судя по содержанию переписки, менеджер использовал собственную компанию SocialTube, чтобы вызвать доверие у начинающих YouTube-блогеров, стать их агентом, а затем соблазнить"
втереться в доверие,лестью или обманом завоевать чье-то расположение,"Таким образом они пытались втереться в доверие к женщинам и получить контактные данные, которые понадобились бы им для похищения","Таким образом они пытались обрести доверие женщин и получить контактные данные, которые понадобились бы им для похищения"
выбить из колеи,"нарушать обычный, привычный ритм жизни кого-либо; выводить из обычного состояния","Он добавил, что Чарли «выбит из колеи» происходящим: его сожительница умерла, его самого только выписали из больницы, как он вновь там оказался","Он добавил, что Чарли потрясен происходящим: его сожительница умерла, его самого только выписали из больницы, как он вновь там оказался"
выбить из колеи,"нарушать обычный, привычный ритм жизни кого-либо; выводить из обычного состояния",Значительная часть экономики Украины сегодня выбита из колеи,Значительная часть экономики Украины сегодня парализована
выбить из колеи,"нарушать обычный, привычный ритм жизни кого-либо; выводить из обычного состояния","Девочки в нормальном состоянии, вчерашний перенос их ничуть не выбил из колеи","Девочки в нормальном состоянии, вчерашний перенос их ничуть не расстроил"
выбить из колеи,"нарушать обычный, привычный ритм жизни кого-либо; выводить из обычного состояния","Нет в мире той силы, которая могла бы выбить из колеи необъятную Русь… Наш журнал, по своей программе, по своему девизу «красивая жизнь», не должен, кажется нам, ни в чем отступать от прежнего содержания","Нет в мире той силы, которая могла бы сломить необъятную Русь… Наш журнал, по своей программе, по своему девизу «красивая жизнь», не должен, кажется нам, ни в чем отступать от прежнего содержания"
выбить из колеи,"нарушать обычный, привычный ритм жизни кого-либо; выводить из обычного состояния",Распространители этих слухов преследуют совершенно определенную цель — выбить из колеи тренера и игроков клуба в преддверии решающих матчей чемпионата России,Распространители этих слухов преследуют совершенно определенную цель — нарушить психологический настрой тренера и игроков клуба в преддверии решающих матчей чемпионата России
выбить почву из-под ног,"помешать кому-либо в каком-либо начинании, в начатом деле; лишить уверенности в успехе","Таким образом, она ""выбила почву из-под ног"" у Маккартни, который тоже собирался посвятить этой теме первое интервью","Таким образом, она опередила Маккартни, который тоже собирался посвятить этой теме первое интервью"
выбить почву из-под ног,"помешать кому-либо в каком-либо начинании, в начатом деле; лишить уверенности в успехе","Премьер-министр считает, что такая мера выбьет почву из-под ног министерских коррупционеров","Премьер-министр считает, что такая мера лишит возможностей министерских коррупционеров"
вывести на чистую воду,разоблачить; выяснить истинные намерения,"Сюжет картины фокусируется на адвокате, который пытается вывести на чистую воду группу вымогателей, но сам оказывается под следствием по подозрению в убийстве","Сюжет картины фокусируется на адвокате, который пытается раскрыть правду о группе вымогателей, но сам оказывается под следствием по подозрению в убийстве"
вывести на чистую воду,разоблачить; выяснить истинные намерения,Премьер-министр не протяжении нескольких дней отрицал свое участие в офшорах однако его удалось вывести на чистую воду,Премьер-министр не протяжении нескольких дней отрицал свое участие в офшорах однако его удалось разоблачить
вывести на чистую воду,разоблачить; выяснить истинные намерения,"После этого он решил вывести на чистую воду тех, кто на самом деле виновен в ее гибели","После этого он решил разоблачить тех, кто на самом деле виновен в её гибели"
выйти из себя,"очень сердиться, приходить в состояние крайнего раздражения, негодования, возбуждения от чьего либо поведения, поступка и т. д.","В начале декабря в сети стало популярным видео, на котором пенсионер из Бийска в Алтайском крае вышел из себя после вопроса журналиста об установленной в центре города елке","В начале декабря в сети стало популярным видео, на котором пенсионер из Бийска в Алтайском крае разозлился после вопроса журналиста об установленной в центре города елке"
выйти из себя,"очень сердиться, приходить в состояние крайнего раздражения, негодования, возбуждения от чьего либо поведения, поступка и т. д.","Издание отмечает, что он явно вышел из себя из-за того, что ребенок не переставал плакать","Издание отмечает, что он явно вспылил из‑за того, что ребёнок не переставал плакать"
выйти из себя,"очень сердиться, приходить в состояние крайнего раздражения, негодования, возбуждения от чьего либо поведения, поступка и т. д.","Во время заселения в очередной отель один из сотрудников ресепшена закрыл имя на своем бейдже, после чего директор гостиницы вышел из себя, накричал на туристов и выгнал их на улицу","Во время заселения в очередной отель один из сотрудников ресепшена закрыл имя на своем бейдже, после чего директор гостиницы потерял самообладание, накричал на туристов и выгнал их на улицу"
выйти из строя,"стать недействующим, неработоспособным, негодным к работе, эксплуатации","Подрядчик должен был заменить вышедшие из строя блоки, ячейки, платы и другие высокоточные механизмы вооружения","Подрядчик должен был заменить неработающие блоки, ячейки, платы и другие высокоточные механизмы вооружения"
выйти из строя,"стать недействующим, неработоспособным, негодным к работе, эксплуатации","В апреле два космических аппарата ГЛОНАСС вышли из строя, в результате чего действующими остались только 22 спутника","В апреле два космических аппарата ГЛОНАСС перестали работать, в результате чего действующими остались только 22 спутника"
выйти из строя,"стать недействующим, неработоспособным, негодным к работе, эксплуатации","Ремонт вышедшего из строя двигателя стоит от двух до пяти миллионов долларов и длится два месяца, отметили два собеседника","Ремонт двигателя, который перестал работать, стоит от двух до пяти миллионов долларов и длится два месяца, отметили два собеседника"
выйти из строя,"стать недействующим, неработоспособным, негодным к работе, эксплуатации",Перед взлетом в варшавский аэропорт имени Шопена у самолета вышел из строя гидравлический насос,Перед взлётом в варшавский аэропорт имени Шопена у самолёта перестал работать гидравлический насос
выносить мозг,"донимать бессмысленными разговорами, надоедать","«Была проведена беседа на тему, чтобы он ""не выносил мозги"" красноярцам, никого не будоражил», — рассказала Светлана","«Была проведена беседа на тему, чтобы он не докучал красноярцам, никого не будоражил», — рассказала Светлана"
выносить мозг,"донимать бессмысленными разговорами, надоедать","В Алма-Ате водитель иномарки не справился с управлением и врезался в стойку билборда с надписью ""Алкоголь выносит мозг""",В Алма-Ате водитель иномарки не справился с управлением и врезался в стойку билборда с надписью «Алкоголь убивает мозг»
выносить сор из избы,"разглашать сведения о каких-либл неприятностях, касающихся узкого круга своих лиц и потому скрываемых от посторонних","Они считают ненужным выносить сор из избы, свои проблемы, поэтому многим действительно проще прикрыться формулировкой “да, я счастлив”, чем анализировать свое состояние","Они считают ненужным обсуждать свои проблемы публично, поэтому многим действительно проще прикрыться формулировкой “да, я счастлив”, чем анализировать своё состояние"
выносить сор из избы,"разглашать сведения о каких-либл неприятностях, касающихся узкого круга своих лиц и потому скрываемых от посторонних","Как заявляют в полиции, ряд представителей сообщества знали о происходящих преступлениях, но предпочитали «не выносить сор из избы», а воздействовать на своих единоверцев-ортодоксов в рамках религиозных практик","Как заявляют в полиции, ряд представителей сообщества знали о происходящих преступлениях, но предпочитали не сообщать о проблемах публично, а воздействовать на своих единоверцев‑ортодоксов в рамках религиозных практик"
выносить сор из избы,"разглашать сведения о каких-либл неприятностях, касающихся узкого круга своих лиц и потому скрываемых от посторонних","Во-первых, внутри ведомств с коррупцией борются сами эти ведомства, которые предпочитают ""не выносить сор из избы"", а во вторых, сами граждане готовы решать стоящие перед ними вопросы при помощи взяток","Во-первых, внутри ведомств с коррупцией борются сами эти ведомства, которые предпочитают не раскрывать свои проблемы, а во‑вторых, сами граждане готовы решать стоящие перед ними вопросы при помощи взяток"
выносить сор из избы,"разглашать сведения о каких-либл неприятностях, касающихся узкого круга своих лиц и потому скрываемых от посторонних","Художник также рассказал, что пытался решить вопрос лично с Валерием Гергиевым, не хотел выносить сор из избы","Художник также рассказал, что пытался решить вопрос лично с Валерием Гергиевым, не хотел разглашать о проблеме на публику"
выплакать все глаза,долго и безутешно плакать,"Только что выплакал все глаза, смотря рекламу ""Макдоналдс""","Только что сильно расплакался, смотря рекламу «Макдоналдс»"
выплакать все глаза,долго и безутешно плакать,"Я выплакала все глаза, а я не из тех, кто много плачет","Я плакала безутешно, а я не из тех, кто часто плачет"
высосать из пальца,утверждать что либо без всяких оснований; выдавать надуманное за действительность с целью оправдаться или оклеветать кого либо,"Утверждения же, что в лаборатории Лугара люди умирают от искусственного заражения и оттуда выносят пачками трупы добровольно заразившихся, не выдерживают не только критики, но уже всем понятно — все это высосано из пальца","Утверждения же, что в лаборатории Лугара люди умирают от искусственного заражения и оттуда выносят пачками трупы добровольно заразившихся, не выдерживают не только критики, но уже всем понятно — все это абсолютно ничем не обосновано"
высосать из пальца,утверждать что либо без всяких оснований; выдавать надуманное за действительность с целью оправдаться или оклеветать кого либо,Обвинения Украины в адрес России в попытке захвата спасательного катера в Черном море высосаны из пальца и выглядят абсурдно,Обвинения Украины в адрес России в попытке захвата спасательного катера в Черном море беспочвенны и выглядят абсурдно
высосать из пальца,утверждать что либо без всяких оснований; выдавать надуманное за действительность с целью оправдаться или оклеветать кого либо,"24 июля глава МИД России Сергей Лавров выразил надежду, что «антироссийская кампания в США выдохнется», так как до сих пор не предъявлено ни одного факта вмешательства России в американские выборы, а информация в СМИ «высосана из пальца»","24 июля глава МИД России Сергей Лавров выразил надежду, что «антироссийская кампания в США выдохнется», так как до сих пор не предъявлено ни одного факта вмешательства России в американские выборы, а информация в СМИ полностью вымышлена"
выше голову,призыв не унывать и сохранять бодрость духа,"Мурат, выше голову, твои победы еще впереди, ты молод и голоден, и самое главное — столько людей за тебя горой, береги себя","Мурат, не унывай, твои победы еще впереди, ты молод и голоден, и самое главное — столько людей за тебя горой, береги себя»"
выше головы,делать больше своих объективных возможностей,"Какие-то дикие, для меня по крайней мере, заголовки: ""Раскритиковала"", ""Дико возмущена""… Для меня это было несколько неожиданно… Чтобы получить звание ЗМС, нужно прыгнуть выше головы","Какие-то дикие, для меня по крайней мере, заголовки: ""Раскритиковала"", ""Дико возмущена""… Для меня это было несколько неожиданно… Чтобы получить звание ЗМС, нужно очень сильно постараться"
выше головы,делать больше своих объективных возможностей,"«У нее много разных ростков, нам сейчас нужно думать не о том, как бы позатоптать желающих прыгнуть выше головы», — сказал Чубайс","«У нее много разных ростков, нам сейчас нужно думать не о том, как бы подавить желающих делать то, что превышает их возможности», — сказал Чубайс"
выше крыши,"слишком много, сверх необходимого, больше чем нужно","Юристов у нас выше крыши, а качество их работы сильно хромает, - сказал глава Минюста","Юристов у нас очень много, а качество их работы сильно хромает, — сказал глава Минюста"
выше крыши,"слишком много, сверх необходимого, больше чем нужно",Желания играть у них было выше крыши,Желание играть у них были невероятно большим
выше крыши,"слишком много, сверх необходимого, больше чем нужно","«Надо идти вперед, а не оглядываться назад — у России проблем выше крыши, помимо репараций со стороны Германии», — заключил Владимир Джабаров","«Надо идти вперед, а не оглядываться назад — у России проблем чрезвычайно много, помимо репараций со стороны Германии», — заключил Владимир Джабаров"
гадать на кофейной гуще,"строить беспочвенные, безосновательные догадки, предположения","Мы знаем, что они все с завидным постоянством гадают на кофейной гуще, с меньшей или большей долей уверенности предрекают отставку отдельных членов правительства, кабмина целиком, премьер-министра и так далее","Мы знаем, что они все с завидным постоянством занимаются домыслами, с меньшей или большей долей уверенности предрекают отставку отдельных членов правительства, кабмина целиком, премьер‑министра и так далее"
гадать на кофейной гуще,"строить беспочвенные, безосновательные догадки, предположения","Сейчас гадать на кофейной гуще не очень продуктивно, мы дождемся официальных разъяснений со стороны американских коллег","Сейчас строить догадки не очень продуктивно, мы дождемся официальных разъяснений со стороны американских коллег"
гадать на кофейной гуще,"строить беспочвенные, безосновательные догадки, предположения","И знаете, мне очень трудно в них кидать камень, потому что, конечно, банки - это жирные коты, они зарабатывают больше, чем малые и средние предприятия, но они тоже не изолированы от мировой ситуации, они смотрят, что происходит в мире, что происходит в Америке, и начинают гадать на кофейной гуще, в какой момент может произойти финансовый коллапс","И знаете, мне очень трудно в них кидать камень, потому что, конечно, банки — это жирные коты, они зарабатывают больше, чем малые и средние предприятия, но они тоже не изолированы от мировой ситуации, они смотрят, что происходит в мире, что происходит в Америке, и начинают делать предположения, в какой момент может произойти финансовый коллапс.\"
гадать на кофейной гуще,"строить беспочвенные, безосновательные догадки, предположения","В администрации города тогда не стали комментировать слухи, а в Кремле отказались «гадать на кофейной гуще» по этому вопросу, уточняет ТАСС","В администрации города тогда не стали комментировать слухи, а в Кремле отказались делать предположения по этому вопросу, уточняет ТАСС"
газетная утка,"непроверенная или преднамеренно ложная информация, опубликованная в средствах массовой информации с корыстной или иной целью","«Мы в последние несколько дней фиксируем великое множество сообщений, газетных уток, преднамеренных сливов относительно последствий военно-воздушной операции, которую осуществляют в Сирии российские вооруженные силы», — заявил официальный представитель Кремля","«Мы в последние несколько дней фиксируем великое множество сообщений, непроверенных новостей, преднамеренных сливов относительно последствий военно-воздушной операции, которую осуществляют в Сирии российские вооружённые силы», — заявил официальный представитель Кремля"
газетная утка,"непроверенная или преднамеренно ложная информация, опубликованная в средствах массовой информации с корыстной или иной целью","Пресс-секретарь президента России Дмитрий Песков назвал газетной уткой сообщения иранских СМИ о том, что представители Саудовской Аравии на переговорах с Владимиром Путиным предложили Москве 300 миллиардов долларов за отказ от поддержки сирийского лидера Башара Асада","Пресс‑секретарь президента России Дмитрий Песков назвал непроверенной информацией сообщения иранских СМИ о том, что представители Саудовской Аравии на переговорах с Владимиром Путиным предложили Москве 300 миллиардов долларов за отказ от поддержки сирийского лидера Башара Асада"
газетная утка,"непроверенная или преднамеренно ложная информация, опубликованная в средствах массовой информации с корыстной или иной целью",Он назвал сообщение СМИ газетной уткой,Он назвал сообщение СМИ недостоверным
газетная утка,"непроверенная или преднамеренно ложная информация, опубликованная в средствах массовой информации с корыстной или иной целью","«Разговоры о том, что правительство Москвы приняло решение о платном въезде, не более чем газетная утка», — отметил Собянин","«Разговоры о том, что правительство Москвы приняло решение о платном въезде, не более чем дезинформация», — отметил Собянин"
газетная утка,"непроверенная или преднамеренно ложная информация, опубликованная в средствах массовой информации с корыстной или иной целью","Сообщение о том, что бывший депутат Госдумы от КПРФ Денис Вороненков дал показания Генеральной прокуратуре Украины (ГПУ) по делу о госизмене бывшего президента страны Виктора Януковича, — не более чем газетная утка","Сообщение о том, что бывший депутат Госдумы от КПРФ Денис Вороненков дал показания Генеральной прокуратуре Украины (ГПУ) по делу о госизмене бывшего президента страны Виктора Януковича, — не более чем вымысел"
глаза в глаза,"прямой, открытый контакт","Британские физиологи выяснили, какая продолжительность визуального контакта (взгляда глаза в глаза) является комфортной для большинства людей, а также от чего зависит желание отвести взгляд","Британские физиологи выяснили, какая продолжительность визуального контакта (прямого зрительного контакта) является комфортной для большинства людей, а также от чего зависит желание отвести взгляд"
глаза в глаза,"прямой, открытый контакт",Никакие современные технологии не заменят общение глаза в глаза,Никакие современные технологии не заменят личное общение
говорить на разных языках,"говорить, понимая суть разговора по-разному, относясь к сути разговора по-разному","По словам чиновника, Россия и WADA говорят на разных языках","По словам чиновника, Россия и WADA не понимают друг друга"
голову оторвать,строго наказать или устроить сильный нагоняй,"Зонин подчеркнул, что на месте главного тренера ""Зенита"" Лучано Спаллетти он бы Ионову ""давно уже голову оторвал""","Зонин подчеркнул, что на месте главного тренера «Зенита» Лучано Спаллетти он бы Ионова «давно уже убил»"
голову оторвать,строго наказать или устроить сильный нагоняй,"Голову оторву тем, кто украдет хоть рубль на космодроме Восточный","Прикончу тех, кто украдет хоть рубль на космодроме Восточный"
голубая мечта,"идиллическая, часто недостижимая цель",Наша голубая мечта — полностью освободить водителя от продажи билетов,Наш предел мечтаний — полностью освободить водителя от продажи билетов
голубая мечта,"идиллическая, часто недостижимая цель",Председатель комитета Госдумы по труду и соцполитике Ольга Баталина констатировала окончательное разрушение «голубой мечты» Украины о вхождении в Евросоюз после слов главы Еврокомиссии Жан-Клода Юнкера,Председатель комитета Госдумы по труду и соцполитике Ольга Баталина констатировала окончательное разрушение страстного желания Украины о вхождении в Евросоюз после слов главы Еврокомиссии Жан-Клода Юнкера
голубая мечта,"идиллическая, часто недостижимая цель","Томимый несбыточной голубой мечтой самому пройтись по кремлёвской ковровой дорожке к трибуне с Конституцией, он невольно продолжил обнажать ""лучшие из лучших"" своих качеств","Томимый несбыточной заветной мечтой самому пройтись по кремлёвской ковровой дорожке к трибуне с Конституцией, он невольно продолжил обнажать ""лучшие из лучших"" своих качеств"
гора с плеч,"о том, что наступило облегчение, рассеялись тревоги, сомнения","Президент России Владимир Путин рассказал, что в Санкт-Петербурге у него сваливается гора с плеч","Президент России Владимир Путин рассказал, что в Санкт-Петербурге он чувствует облегчение"
гора с плеч,"о том, что наступило облегчение, рассеялись тревоги, сомнения","Прилетел в Питер, сел в машину — как гора с плеч сваливается","Прилетел в Питер, сел в машину — и чувствуешь такое облегчение"
гора с плеч,"о том, что наступило облегчение, рассеялись тревоги, сомнения","Выйдя к журналистам после судебного заседания, Шахновский признался, что ""у него как гора с плеч свалилась""","Выйдя к журналистам после судебного заседания, Шахновский признался, что он почувствовал облегчение"
гордиев узел,"трудноразрешимое, запутанное дело, задача","Чайка обнародовал эти сведения через четыре дня после того, как президент России велел ""разрубить гордиев узел"" цен на авиакеросин","Чайка обнародовал эти сведения через четыре дня после того, как президент России велел решить сложную ситуацию с ценами на авиакеросин"
гордиев узел,"трудноразрешимое, запутанное дело, задача","В Гордиев узел из их хвостов вплелись стебли и куски пластика, из которых их мать вила гнездо","В сложный узел из их хвостов вплелись стебли и куски пластика, из которых их мать вила гнездо"
гордиев узел,"трудноразрешимое, запутанное дело, задача",Однако мы не отказываемся от своих обязательств и в ближайшее время намерены разрубить этот гордиев узел,Однако мы не отказываемся от своих обязательств и в ближайшее время намерены разобраться с этой сложной проблемой
греть душу,приносить радость и приятные эмоции,"Роналду заслужил приз хотя бы за то, что играл на Кубке конфедераций, и пусть нам теперь греет душу, что нам на турнире забил лучший игрок мира","Роналду заслужил приз хотя бы за то, что играл на Кубке конфедераций, и пусть нас теперь радует тот факт, что нам на турнире забил лучший игрок мира"
греть душу,приносить радость и приятные эмоции,"По словам крымского вице-премьера, «желание стать ханом любым способом, даже виртуальным, греет душу ненужному и бесполезному для своего народа околополитическому деятелю»","По словам крымского вице‑премьера, «желание стать ханом любым способом, даже виртуальным, вызывает радость у ненужного и бесполезного для своего народа околополитического деятеля»"
давить на жалость,намеренно вызывать сострадание ради личной выгоды,"«После этого я ему через весь зал закричала, что не нужно давить на жалость, а нужно работать, то, я хочу вам показать, какой жест показал Гройсман», — сказала Савченко и, как передает NewsOne, продемонстрировала средний палец","«После этого я ему через весь зал закричала, что не нужно вызывать жалость, а нужно работать, то, я хочу вам показать, какой жест показал Гройсман», — сказала Савченко и, как передает NewsOne, продемонстрировала средний палец"
далеко заходить,превышать меру в действиях или суждениях,"«Мы хотим, чтобы наши дети и все дети в нашей стране знали, что единственный предел возможностей — это то, насколько далеко заходят ваши мечты и насколько вы готовы ради них работать», — добавила Обама","«Мы хотим, чтобы наши дети и все дети в нашей стране знали, что единственный предел возможностей — это то, насколько велики ваши мечты и насколько вы готовы ради них работать», — добавила Обама"
далеко заходить,превышать меру в действиях или суждениях,"В Токио сочли, что корейцы намеренно делают императора ответственным за преступления, что, по мнению японцев, ""слишком далеко заходит""","В Токио сочли, что корейцы намеренно делают императора ответственным за преступления, что, по мнению японцев, является перебором"
далеко заходить,превышать меру в действиях или суждениях,"Если Путин и его ближайшее окружение все пути себе уже отрезали, то все-таки основная часть элиты не собирается так далеко заходить","Если Путин и его ближайшее окружение все пути себе уже отрезали, то всё-таки основная часть элиты не рисковать"
далеко заходить,превышать меру в действиях или суждениях,"Так, лидер партии ""Мерец"" Ран Коэн считает, что Лау слишком далеко заходит, и ""прицельные убийства являются преступлением""","Так, лидер партии «Мерец» Ран Коэн считает, что Лау перебарщивает, и «прицельные убийства являются преступлением»"
дать добро,"разрешить, одобрить что-либо",Все остальные европейские участники проекта дали добро на строительство,Все остальные европейские участники проекта одобрили строительство
дать добро,"разрешить, одобрить что-либо","Предыдущее руководство ""Роскосмоса"" дало добро на изготовление шлюзового модуля, что у многих вызвало удивление — делать пустую бочку для американцев, конечно, унизительно","Предыдущее руководство «Роскосмоса» одобрило изготовление шлюзового модуля, что у многих вызвало удивление — делать пустую бочку для американцев, конечно, унизительно"
девать некуда,"о большом количестве, изобилии чего-либо","Потратив миллионы на обустройство города, постройку новых спортзалов, бассейнов и художественных школ, городской совет пришел к выводу, что все равно деньги девать некуда, и решил снизить налоги с 85 до 45 процентов","Потратив миллионы на обустройство города, постройку новых спортзалов, бассейнов и художественных школ, городской совет пришёл к выводу, что всё равно деньги не на что тратить, и решил снизить налоги с 85 до 45 процентов"
девать некуда,"о большом количестве, изобилии чего-либо","Денег им девать некуда, я точно знаю, - добавил президент","Денег у них в избытке, я точно знаю, — добавил президент"
девать некуда,"о большом количестве, изобилии чего-либо","Там фермеры выливают, выбрасывают и раздают бесплатно продукты, потому что девать некуда из-за недружественных действий их правительств по отношению к России","Там фермеры выливают, выбрасывают и раздают бесплатно продукты, потому что их скопилось в излишке из-за недружественных действий их правительств по отношению к России"
деваться некуда,"не иметь иного выхода, иначе поступить нельзя",Мне сейчас деваться некуда,Я сейчас в безвыоходном положении
деваться некуда,"не иметь иного выхода, иначе поступить нельзя","«Другое дело, что деваться некуда», — утверждает высокопоставленный чиновник","«Другое дело, что нет другого выбора», — утверждает высокопоставленный чиновник"
деваться некуда,"не иметь иного выхода, иначе поступить нельзя","«Я сам этого не хочу, но деваться некуда», — пояснил он свою позицию","«Я сам этого не хочу, но делать нечего», — пояснил он свою позицию"
делать вид,"создавать видимость чего-либо, реально этого не делая","В апреле ЕСПЧ присудил 15 тысяч евро жительнице Чечни Элите Магомадовой, чей бывший муж выкрал и увез общего сына, а приставы Грозного делали вид, что не могут отыскать ребенка","В апреле ЕСПЧ присудил 15 тысяч евро жительнице Чечни Элите Магомадовой, чей бывший муж выкрал и увез общего сына, а приставы Грозного притворялись, что не могут отыскать ребенка"
делать вид,"создавать видимость чего-либо, реально этого не делая","Она такая милая и делает вид, что хорошо знает английский","Она такая милая и притворяется, что хорошо знает английский"
держать в ежовых рукавицах,"быть строгим в обращении с кем-либо, не делать кому-либо поблажек","Если дать слабинку, то мы можем расслабиться, а если держать в ежовых рукавицах — будет совсем другое отношение","Если дать слабинку, то мы можем расслабиться, а если строго контролировать, — будет совсем другое отношение"
держать в напряжении,заставлять кого-либо постоянно волноваться,"В целом, хозяева играли очень активно, постоянно держа в напряжении оборону и голкипера россиян, пишет Федерация хоккея России","В целом, хозяева играли очень активно, не давая расслабиться обороне и голкиперу россиян, пишет Федерация хоккея России"
держать в напряжении,заставлять кого-либо постоянно волноваться,Житель небольшого австралийского поселка Ипсвич в пригороде города Брисбэйн забаррикадировался в собственном доме и в течение 12 часов держал в напряжении местную полицию,Житель небольшого австралийского поселка Ипсвич в пригороде города Брисбэйн забаррикадировался в собственном доме и в течение 12 часов заставлял местную полицию быть в постоянной готовности
держать в напряжении,заставлять кого-либо постоянно волноваться,"Одна организация держит в напряжении все аварийные службы в течение недели, это станет для нее дорогим удовольствием","Одна организация перегружает все аварийные службы в течение недели, это станет для неё дорогим удовольствием"
держать в напряжении,заставлять кого-либо постоянно волноваться,"Фильм действительно держит в напряжении и временами, с помощью традиционных средств вроде внезапных громких звуков заставляет вздрагивать","Фильм действительно не дает расслабиться и временами, с помощью традиционных средств вроде внезапных громких звуков заставляет вздрагивать"
держать в узде,"подчинив своей воле, власти кого либо, обходиться с ним строго, сурово","Нам это выгодно, потому что в этом случае у нас появится возможность держать в узде весь Запад","Нам это выгодно, потому что в этом случае у нас появится возможность контролировать весь Запад"
держать в узде,"подчинив своей воле, власти кого либо, обходиться с ним строго, сурово","Нереально удержать в узде целую армию из 50-60 тысяч человек, которая будет потреблять алкоголь и расслабляться на португальских курортах","Нереально контролировать целую армию из 50‑60 тысяч человек, которая будет потреблять алкоголь и расслабляться на португальских курортах"
держать руку на пульсе,"быть в курсе происходящих событий, текущих дел, следить за их развитием","Всего за изменением курса доллара к рублю следят 56 процентов респондентов — 19 процентов граждан держат руку на пульсе постоянно, а 37 процентов проверяют курс время от времени","Всего за изменением курса доллара к рублю следят 56 процентов респондентов — 19 процентов граждан постоянно следят за курсом, а 37 процентов проверяют его время от времени"
держать руку на пульсе,"быть в курсе происходящих событий, текущих дел, следить за их развитием","«Все, что связано с деревьями, линиями электропередачи, телефонной связью должно быть восстановлено», — заявил Воробьев, призвав подчиненных «держать руку на пульсе»","«Все, что связано с деревьями, линиями электропередачи, телефонной связью должно быть восстановлено», — заявил Воробьев, призвав подчиненных постоянно контролировать ситуацию"
держать руку на пульсе,"быть в курсе происходящих событий, текущих дел, следить за их развитием","По ее словам, новые риски постоянно появляются, и нужно все время держать руку на пульсе","По ее словам, новые риски постоянно появляются, и нужно все время отслеживать ситуацию"
держать язык за зубами,хранить молчание; держать что-либо в тайне,"По словам главного редактора журнала Мэтта Мюллера, читатели ""признали Буша самым страшным персонажем, несмотря на то, что многие в этом вопросе предпочли держать язык за зубами","По словам главного редактора журнала Мэтта Мюллера, читатели «признали Буша самым страшным персонажем, несмотря на то, что многие в этом вопросе предпочли молчать»"
держать язык за зубами,хранить молчание; держать что-либо в тайне,"Британская газета The Independent собрала высказывания президента Филиппин Родриго Дутерте, которые тот сделал, когда ему «не удалось удержать язык за зубами»","Британская газета The Independent собрала высказывания президента Филиппин Родриго Дутерте, которые тот сделал, когда он не смог промолчать"
держать язык за зубами,хранить молчание; держать что-либо в тайне,"Оппоненты главы израильского правительства внутри страны полагают, что человеку, который не умеет держать язык за зубами, не место в премьерском кресле","Оппоненты главы израильского правительства внутри страны полагают, что человеку, который не умеет молчать, не место в премьерском кресле"
держать язык за зубами,хранить молчание; держать что-либо в тайне,"Можно научить чиновника красиво говорить или, в крайнем случае, держать язык за зубами, однако поменять его отношение к людям вряд ли удастся","Можно научить чиновника красиво говорить или, в крайнем случае, молчать, когда надо, однако поменять его отношение к людям вряд ли удастся"
держаться в тени,быть незаметным и не привлекать к себе внимания,"В этом списке шесть человек, которые, как сообщил аналитик одной из европейских разведывательных служб, ""были там с самого начала, но держались в тени, были не самыми заметными людьми""","В этом списке шесть человек, которые, как сообщил аналитик одной из европейских разведывательных служб, «были там с самого начала, но держались скрытно, были не самыми заметными людьми»"
держаться в тени,быть незаметным и не привлекать к себе внимания,На первых шагах Соединенные Штаты предпочитали держаться в тени,На первых шагах Соединённые Штаты предпочли оставаться неприметными
держаться на плаву,сохранять жизнеспособность в трудных условиях,"Пока они держатся на плаву, берут кредиты в банках","Пока они сохраняют финансовую стабильность, берут кредиты в банках"
держаться на плаву,сохранять жизнеспособность в трудных условиях,"Несмотря на поддержку Китаем широких санкций ООН против КНДР, именно при помощи Пекина северокорейской экономике удается держаться на плаву, отмечает агентство","Несмотря на поддержку Китаем широких санкций ООН против КНДР, именно при помощи Пекина северокорейской экономике удаётся оставаться жизнеспособной, отмечает агентство"
держаться на плаву,сохранять жизнеспособность в трудных условиях,"Причина снижения цен, по словам аналитиков, состоит в том, что девелоперы пытаются удержаться на плаву в условиях кризиса","Причина снижения цен, по словам аналитиков, состоит в том, что девелоперы пытаются сохранять финансовую устойчивость в условиях кризиса"
держаться на плаву,сохранять жизнеспособность в трудных условиях,Десяток миллиардов примерно потребляет наша страна от гастарбайтеров и за счет этого хоть как-то держится на плаву,Десяток миллиардов примерно потребляет наша страна от гастарбайтеров и за счёт этого хоть как‑то поддерживает экономику
держаться подальше от,избегать общения или контактов с кем-либо или чем-либо,"«С этого момента я буду держаться подальше от Египта, потому что, как только я вернусь назад, меня наверняка арестуют","«С этого момента я буду избегать Египта, потому что, как только я вернусь назад, меня наверняка арестуют»"
держаться подальше от,избегать общения или контактов с кем-либо или чем-либо,"Судья согласился освободить Роджерса под залог при условии, что он будет держаться подальше от наркотиков, переедет к родственникам в пригород Мельбурна, не будет показываться на улице с девяти вечера до шести утра, запишется на программу помощи наркозависимым и станет каждый день отмечаться в полиции","Судья согласился освободить Роджерса под залог при условии, что он откажется от наркотиков, переедет к родственникам в пригород Мельбурна, не будет показываться на улице с девяти вечера до шести утра, запишется на программу помощи наркозависимым и будет каждый день отмечаться в полиции"
держаться подальше от,избегать общения или контактов с кем-либо или чем-либо,"Китайские дипломаты в канадском городе Торонто выпустили официальное письмо, в котором призывают сограждан «держаться подальше от марихуаны»","Китайские дипломаты в канадском городе Торонто выпустили официальное письмо, в котором призывают сограждан избегать марихуаны"
держаться подальше от,избегать общения или контактов с кем-либо или чем-либо,"«Таким образом молодой самец гиппопотама давал буйволам понять, что нужно держаться подальше от его воды, — объясняет автор видео Эдрич Шейфер","«Таким образом молодой самец гиппопотама давал буйволам понять, что нужно не приближаться к его воде, — объясняет автор видео Эдрич Шейфер"
держаться подальше от,избегать общения или контактов с кем-либо или чем-либо,Держись подальше от любых бассейнов ради своей безопасности,Избегай любых бассейков ради своей безопасности
для видимости,"с целью создать, вызвать обманчивое впечатление","68 процентов опрошенных считают, что комиссия создана лишь для видимости, и лишь 23 процента верят в то, что создание комиссии — это попытка выяснить правду об иракском оружии","68 процентов опрошенных считают, что комиссия создана исключительно ради формальности, и лишь 23 процента верят в то, что создание комиссии — это попытка выяснить правду об иракском оружии"
для видимости,"с целью создать, вызвать обманчивое впечатление","Он прислал для видимости в Москву своего представителя, но от дальнейших контактов опять уклонился","Он прислал ради формальности в Москву своего представителя, но от дальнейших контактов опять уклонился"
для видимости,"с целью создать, вызвать обманчивое впечатление","По мнению критиков подобных ограничений, сексуальных преступников отслеживают скорее для видимости, чем в результате реальной необходимости","По мнению критиков подобных ограничений, сексуальных преступников отслеживают скорее ради формальности, чем в результате реальной необходимости"
для видимости,"с целью создать, вызвать обманчивое впечатление","Они были также подконтрольны Ходорковскому, и «оплата за акции отражалась лишь в документах для видимости, а фактически отсутствовала», добавил представитель СК","Они были также подконтрольны Ходорковскому, и «оплата за акции отражалась лишь в документах только формально, а фактически отсутствовала», добавил представитель СК"
для галочки,"для формального отчёта, соблюдения формальности","2 ноября патриарх Кирилл призвал увеличить объем преподавания в школах основ религиозных культур и светской этики, поскольку, по его словам, один урок в неделю — это курс «для галочки»","2 ноября патриарх Кирилл призвал увеличить объём преподавания в школах основ религиозных культур и светской этики, поскольку, по его словам, один урок в неделю — это курс, проводимый лишь формально"
для галочки,"для формального отчёта, соблюдения формальности","Мы видим свою миссию в том, чтобы сделать ряд традиционных бизнесов более высокотехнологичными, высокоинтеллектуальными и не просто для галочки, а чтобы повысить их эффективность и продуктивность","Мы видим свою миссию в том, чтобы сделать ряд традиционных бизнесов более высокотехнологичными, высокоинтеллектуальными и не просто формально, а чтобы повысить их эффективность и продуктивность"
для отвода глаз,с целью отвлечь внимание,"В нынешней ситуации, когда непрерывно идут провокации, происходят гибридные войны, эта компания, лишь для отвода глаз зарегистрированная в Евросоюзе, может разнообразно и не во благо нашей стране использовать получаемую здесь информацию","В нынешней ситуации, когда непрерывно идут провокации, происходят гибридные войны, эта компания, лишь с целью отвлечения внимания, зарегистрированная в Евросоюзе, может разнообразно и не во благо нашей стране использовать получаемую здесь информацию"
для отвода глаз,с целью отвлечь внимание,После первого выхода в море все стало ясно — рыбу мы ловили только для отвода глаз,После первого выхода в море всё стало ясно — рыбу мы ловили только для прикрытия
для отвода глаз,с целью отвлечь внимание,"Сама Шемякина уверена, что такое заявление было сделано для отвода глаз и что она не получит деньги обратно","Сама Шемякина уверена, что такое заявление было сделано для прикрытия и что она не получит деньги обратно"
для отвода глаз,с целью отвлечь внимание,"Каждый раз рынок на несколько дней закрывался «для отвода глаз», однако потом снова начинал работу, пояснила лидер движения Евгения Сморчкова","Каждый раз рынок на несколько дней закрывался для прикрытия, однако потом снова начинал работу, пояснила лидер движения Евгения Сморчкова"
для отвода глаз,с целью отвлечь внимание,"Из-за этого они решили, что версию о случайности выдвинули для отвода глаз, а настоящей причиной ложной тревоги стала хакерская атака","Из-за этого они решили, что версию о случайности выдвинули как ложный предлог, а настоящей причиной ложной тревоги стала хакерская атака"
до глубины души,"чрезвычайно, очень сильно, до крайности (взволновать, обеспокоить)","Эти ужасные обвинения шокировали меня до глубины души, все мои отношения начинались с согласия обеих сторон","Эти ужасные обвинения шокировали меня очень сильно, все мои отношения начинались с согласия обеих сторон"
до глубины души,"чрезвычайно, очень сильно, до крайности (взволновать, обеспокоить)","Вот это лицемерие, которым ""Батькивщина"" все время красиво прикрывается, меня очень сильно поразило","Вот это лицемерие, которым «Батькивщина» всё время красиво прикрывается, меня поразило глубоко"
до глубины души,"чрезвычайно, очень сильно, до крайности (взволновать, обеспокоить)","Очень тяжело смотреть на фотографии, которые мы видели, и не отреагировать, не быть потрясенным до глубины души","Очень тяжело смотреть на фотографии, которые мы видели, и не отреагировать, не быть чрезвычайно потрясенным"
до глубины души,"чрезвычайно, очень сильно, до крайности (взволновать, обеспокоить)",Произошедшая ситуация с ребятами поражает до глубины души,Произошедшая ситуация с ребятами очень сильно поражает
до глубины души,"чрезвычайно, очень сильно, до крайности (взволновать, обеспокоить)",Я до глубины души потрясен случившимся,Я невероятно потрясён случившимся
до победного конца,"до полного успеха, до достижения цели","В ответ кинематографист заявил, что «голодовка продлится до победного конца»: либо он умрет, либо его требования начнут выполнять","В ответ кинематографист заявил, что «голодовка продлится до окончательного разрешения ситуации»: либо он умрёт, либо его требования начнут выполнять"
до победного конца,"до полного успеха, до достижения цели","Мы нигде не отказываемся от участия в выборах, везде наши кандидаты идут до победного конца, мы ничего не сдаем — ни выборы губернатора в Хабаровском крае, ни во Владимирской области","Мы нигде не отказываемся от участия в выборах, везде наши кандидаты стремятся к победе, мы ничего не сдаем — ни выборы губернатора в Хабаровском крае, ни во Владимирской области"
до победного конца,"до полного успеха, до достижения цели","«Мы продолжим протест до победного конца», — заявил капитан сборной Грузии Варлам Липартелиани","«Мы продолжим протест до окончательной победы», — заявил капитан сборной Грузии Варлам Липартелиани"
до победного конца,"до полного успеха, до достижения цели","Он также отметил, что борьба за Telegram в России продолжится, потому что «история наших предков учит биться до победного конца», и поздравил всех с Днем Победы","Он также отметил, что борьба за Telegram в России продолжится, потому что «история наших предков учит бороться до полной победы», и поздравил всех с Днём Победы"
до полусмерти,"очень сильно (избить, испугать)","11 июля сообщалось, что турист из России проник на территорию турецкой гостиницы, где отдыхали путешественники из Украины, и избил 57-летнего жителя Запорожья до полусмерти","11 июля сообщалось, что турист из России проник на территорию турецкой гостиницы, где отдыхали путешественники из Украины, и сильно избил 57‑летнего жителя Запорожья"
до последнего вздоха,до самой смерти сохранять преданность чему-либо,"По словам лидера ""Хизбаллы"", его повстанцы готовы биться ""до последнего вздоха""","По словам лидера «Хизбаллы», его повстанцы готовы биться насмерть"
до последнего вздоха,до самой смерти сохранять преданность чему-либо,"По его словам, Украина готова драться «до последнего вздоха в жизни»","По его словам, Украина готова драться до самого конца"
до последнего вздоха,до самой смерти сохранять преданность чему-либо,Я буду бороться до последнего вздоха,Я буду бороться насмерть
до последнего вздоха,до самой смерти сохранять преданность чему-либо,"В понедельник Иоанн Павел II на встрече с кардиналами объявил о том, что будет возглавлять католическую церковь до последнего вздоха","В понедельник Иоанн Павел II на встрече с кардиналами объявил о том, что будет возглавлять католическую церковь до самой смерти"
до потери пульса,"очень долго, до полного изнеможения","Там же чиновник напомнил читателям про свои заслуги и пригласил соратников на прощание ""напиться до потери пульса""",Там же чиновник напомнил читателям про свои заслуги и пригласил соратников на прощание сильно напиться
до слез,"очень сильно, чрезвычайно (расстроить, заставить плакать)","В ноябре стало известно, что при подготовке к свадьбе с принцем Гарри Меган Маркл довела до слез Кейт Миддлтон","В ноябре стало известно, что при подготовке к свадьбе с принцем Гарри Меган Маркл заставила Кейт Миддлтон плакать"
до слез,"очень сильно, чрезвычайно (расстроить, заставить плакать)","Мать написала, что довела сына до слез, не позволив ему увидеться с отцом","Мать написала, что заставила сына расплакаться, не позволив ему увидеться с отцом"
до слез,"очень сильно, чрезвычайно (расстроить, заставить плакать)","«Я надеюсь, что ты умрешь», — написал один из них, доведя девушку до слез","«Я надеюсь, что ты умрешь», — написал один из них, заставив девушку плакать"
до слез,"очень сильно, чрезвычайно (расстроить, заставить плакать)",Эта работа довела некоторых из них до слез,Эта работа привела некоторых из них к эмоциональному перенапряжению
до упаду,до состояния полного изнеможения,"Есть ли лучший способ определить главного фаната фильма, кроме как пригласить его смотреть любимое кино до упаду, в буквальном смысле?","Есть ли лучший способ определить главного фаната фильма, кроме как пригласить его смотреть любимое кино до изнеможения?"
добраться до суть,понять главное и выяснить правду,"«У федерации есть стимул, чтобы добраться до сути как можно быстрее», — заявил де Пенсье, предложив провести чемпионат мира-2018 без России","«У федерации есть стимул, чтобы как можно быстрее выяснить все обстоятельства», — заявил де Пенсье, предложив провести чемпионат мира‑2018 без России"
добраться до суть,понять главное и выяснить правду,Мы должны добраться до сути в деле о вмешательстве России в наши выборы,Мы должны установить истину в деле о вмешательстве России в наши выборы
добрая половина,большая часть,"Я думаю, что добрая половина членов нашей фракции впервые будут представлены в стенах Федерального Собрания","Я думаю, что большая часть членов нашей фракции впервые будет представлена в стенах Федерального Собрания"
добрая половина,большая часть,"При этом апокалиптических сцен хватает в доброй половине включенных в ""Аниматрицу"" мультфильмов, которые между собой ощутимо различаются по многим показателям","При этом апокалиптических сцен хватает в значительной части включенных в «Аниматрицу» мультфильмов, которые между собой ощутимо различаются по многим показателям"
доводить до ума,"приводить что либо в должное состояние, в должный вид","Вполне вероятно, что правительственная реформа ограничится созданием группы экспертов, которые будут доводить до ума министерские варианты законопроектов","Вполне вероятно, что правительственная реформа ограничится созданием группы экспертов, которые будут совершенствовать министерские варианты законопроектов"
доводить до ума,"приводить что либо в должное состояние, в должный вид","КХЛ без разницы, кто будет доводить до ума арену: 'Будивельник', Министерство спорта Украины или же Федерация хоккея Украины","КХЛ без разницы, кто будет завершать подготовку арены: «Будивельник», Министерство спорта Украины или же Федерация хоккея Украины"
доводить до ума,"приводить что либо в должное состояние, в должный вид","Как уточняет THR, Спилиотопулос будет доводить до ума черновой вариант сюжета, сочиненного Крисом Морганом","Как уточняет THR, Спилиотопулос будет дорабатывать черновой вариант сюжета, сочинённого Крисом Морганом"
доводить до ума,"приводить что либо в должное состояние, в должный вид",Доводить до ума реактор и охлаждающий блок в NASA начали в 2006 году в рамках проекта Fission Surface Power,Дорабатывать реактор и охлаждающий блок в NASA начали в 2006 году в рамках проекта Fission Surface Power
дух захватывает,"сильно восхищать, ошеломлять","Украсть так, чтобы дух захватывало и чтобы возникало желание ввести обучение по специальности ""ограбление по-итальянски"" в государственных ВУЗах","Украсть так, чтобы завораживало и чтобы возникало желание ввести обучение по специальности ""ограбление по-итальянски"" в государственных ВУЗах"
дух захватывает,"сильно восхищать, ошеломлять",От перспектив сотрудничества Украины и ЕС прямо-таки дух захватывает,Перспективы сотрудничества Украины и ЕС очень воодушевляют
едет крыша,терять рассудок,"Политика исламизации привела к тому, что у кого-то просто поехала крыша","Политика исламизации привела к тому, что кто-то просто стал неадекватным"
едет крыша,терять рассудок,"Когда мы начинали играть эту вещь на наших первых концертах, у девушек в зале просто ехала крыша","Когда мы начинали играть эту вещь на наших первых концертах, девушки в зале были в полном восторге"
едет крыша,терять рассудок,"От попыток найти способ убрать это из своей жизни у него, должно быть, поехала крыша","От попыток найти способ убрать это из своей жизни у него, должно быть, случился нервный срыв"
за глаза,"скрытно, заочно","Они ничем не занимаются, это даже не околофутбольщики, подражают культуре АУЕ, за глаза оскорбляют сотрудников полиции и так далее","Они ничем не занимаются, это даже не околофутбольщики, подражают культуре АУЕ, исподтишка оскорбляют сотрудников полиции и так далее"
за душу берет,вызывать сильное эмоциальное сопереживание,"Холманских попрощался со своими коллегами по заводу, отметив, что встреча с коллективом ""за душу берет""","Холманских попрощался со своими коллегами по заводу, отметив, что встреча с коллективом сильно его трогает"
за кадром,оставаться невидимым или скрытым от публики,Иные подробности пусть останутся за кадром,Иные подробности пусть будут опущены
загнать в угол,ставить кого либо в тяжёлое или безвыходное положение,"Все идет к тому, что Порошенко, как загнанная в угол крыса, кинется на Донбасс","Все идет к тому, что Порошенко, находясь в безвыходном положении, кинется на Донбасс"
загнать в угол,ставить кого либо в тяжёлое или безвыходное положение,"По словам парламентария, политическое нагнетание вокруг ситуации в Алеппо наблюдается на фоне успехов по борьбе с террористами, которые «загнаны в угол»","По словам парламентария, политическое нагнетание вокруг ситуации в Алеппо наблюдается на фоне успехов по борьбе с террористами, которые оказались в безвыходном положении"
загнать в угол,ставить кого либо в тяжёлое или безвыходное положение,"Пространства для маневра почти нет, его загнали в угол делом Мартыненко и Княжичами","Пространства для маневра почти нет, его поставили в безвыходное положение делом Мартыненко и Княжичами"
залечь на дно,"затаиться, не появляться где-либо, не проявлять себя некоторое время","По данным МВД, они могли либо «залечь на дно», либо самостоятельно покинуть Германию","По данным МВД, они могли либо скрыться, либо самостоятельно покинуть Германию"
залечь на дно,"затаиться, не появляться где-либо, не проявлять себя некоторое время","Доцент Московского института психоанализа, психиатр Владимир Файнзильберг рекомендовал победителю лотереи «залечь на дно» и не афишировать себя","Доцент Московского института психоанализа, психиатр Владимир Файнзильберг рекомендовал победителю лотереи скрыться и не афишировать себя"
запасть в душу,"производить сильное впечатление, надолго запоминаться","«Я рак по гороскопу, может быть из-за этого очень люблю воду, и, конечно, это запало в душу», — сказал президент РЖД","«Я рак по гороскопу, может быть из‑за этого очень люблю воду, и, конечно, это произвело на меня сильное впечатление», — сказал президент РЖД"
запасть в душу,"производить сильное впечатление, надолго запоминаться","Эксперты сошлись во мнении, что именно эта книга ""запала в душу"" Копцева и ""предопределила его поступок""","Эксперты сошлись во мнении, что именно эта книга произвела на Копцева сильное  впечатление и предопределила его поступок"
засланный казачок,"информатор, стукач, подставное лицо","Как мне кажется, в команде украинского боксера не обошлось без ""засланного казачка"", который мог подмешать компоненты, провоцирующие слабость организма, например, в воду или мазь, которой Владимир пользовался перед боем","Как мне кажется, в команде украинского боксера не обошлось без подставного человека, который мог подмешать компоненты, провоцирующие слабость организма, например, в воду или мазь, которой Владимир пользовался перед боем"
засланный казачок,"информатор, стукач, подставное лицо","С одной стороны, это может быть некачественная работа партийных структур, с другой стороны, это может быть некоторое вредительство со стороны засланных казачков, которые специально допустили эти ошибки, собирая подписи членов партии","С одной стороны, это может быть некачественная работа партийных структур, с другой стороны, это может быть некоторое вредительство со стороны подставных лиц, которые специально допустили эти ошибки, собирая подписи членов партии"
засланный казачок,"информатор, стукач, подставное лицо","По мнению истцов, информация, которую добыл ""засланный казачок"", стоила FinFleet такого количества человеко-часов, что речь может идти о тысячах долларов","По мнению истцов, информация, которую добыл посланный агент, стоила FinFleet такого количества человеко‑часов, что речь может идти о тысячах долларов"
засланный казачок,"информатор, стукач, подставное лицо","По версии Ямадаева, примерно месяц назад в Шали прошло совещание боевиков, среди которых были и ""засланные казачки"", работающие в различных структурах Чечни (по сведениям Ямадаева, сообщники боевиков есть во всех структурах Чечни, кроме подразделений федерального подчинения)","По версии Ямадаева, примерно месяц назад в Шали прошло совещание боевиков, среди которых были и скрытые пособники, работающие в различных структурах Чечни (по сведениям Ямадаева, сообщники боевиков есть во всех структурах Чечни, кроме подразделений федерального подчинения)"
застать врасплох,застигнуть неожиданно,"Нужно подойти серьезно к этому вопросу, чтобы нас не застали врасплох обстоятельства","Нужно подойти серьезно к этому вопросу, чтобы нам не помешали непредвиденные обстоятельства"
застать врасплох,застигнуть неожиданно,"Птица застала врасплох девушку, у которой одна рука была занята смартфоном, а другая — мороженым, и сумела на лету отхватить внушительную часть лакомства","Птица неожиданно напала на девушку, у которой одна рука была занята смартфоном, а другая — мороженым, и сумела на лету отхватить внушительную часть лакомства"
застать врасплох,застигнуть неожиданно,"Тогда стражи порядка застали врасплох сотрудников австрийской службы государственной безопасности, провели обыски в ее штаб-квартирах и домах высокопоставленных членов и конфисковали некие документы","Тогда стражи порядка застигнули сотрудников австрийской службы государственной безопасности, провели обыски в её штаб‑квартирах и домах высокопоставленных членов и конфисковали некие документы"
застать врасплох,застигнуть неожиданно,"Австралийскому ловцу крабов, которого застал врасплох прилив, пришлось спасаться от крокодилов на дереве","Австралийскому ловцу крабов, которого неожиданно настиг прилив, пришлось спасаться от крокодилов на дереве"
застать врасплох,застигнуть неожиданно,"Россия в последнее время активно борется за усиление своего влияния в Африке, что застало врасплох западные страны","Россия в последнее время активно борется за усиление своего влияния в Африке, что стало полной неожиданностью для западных стран"
засучить рукава,энергично браться за дело,"Между тем, засучив рукава ведется работа по развитию и совершенствованию двусторонних отношений по самому широкому спектру вопросов и областей",Между тем усердно ведётся работа по развитию и совершенствованию двусторонних отношений по самому широкому спектру вопросов и областей
засучить рукава,энергично браться за дело,"Засучите рукава и идите к людям, доводите до них информацию обо всех принимаемых решениях","Включайтесь в работу и идите к людям, доводите до них информацию обо всех принимаемых решениях"
засучить рукава,энергично браться за дело,Нужно засучить рукава и готовиться к проведению важного международного мероприятия на территории Новосибирской области,Нужно начать работу и готовиться к проведению важного международного мероприятия на территории Новосибирской области
затаить дыхание,"замереть от восторга, ужаса, ожидая чего-либо с нетерпением","По словам одного из свидетелей, во время прыжка Шуберта собравшиеся затаили дыхание, ""а потом, типа, посмотрели друг на друга и сказали: ""Вау!""","По словам одного из свидетелей, во время прыжка Шуберта собравшиеся наблюдали с волнением, «а потом, типа, посмотрели друг на друга и сказали: «Вау!»"
затаить дыхание,"замереть от восторга, ужаса, ожидая чего-либо с нетерпением","В целом, безусловно, мы внимательно следим за тем, как развивается предвыборная ситуация в США, но это не значит, что мы, затаив дыхание, отслеживаем все элементы этой электоральной компании","В целом, безусловно, мы внимательно следим за тем, как развивается предвыборная ситуация в США, но это не значит, что мы неотрывно отслеживаем все элементы этой электоральной компании"
затаить дыхание,"замереть от восторга, ужаса, ожидая чего-либо с нетерпением","Еще два — впереди, и около 19 часов по местному времени (21 по московскому) мир снова затаит дыхание в ожидании дыма","Еще два — впереди, и около 19 часов по местному времени (21 по московскому) мир снова будет с волнением ждать дыма"
затаить дыхание,"замереть от восторга, ужаса, ожидая чего-либо с нетерпением","Скажу вам честно, я затаив дыхание следил за крымским референдумом","Скажу вам честно, я с трепетом следил за крымским референдумом"
затянуть пояса,начать сильно экономить из-за нехватки средств,"Президент Бразилии Дилма Русеф обратилась к своим согражданам с предложением «затянуть пояса», сообщает в понедельник, 9 марта, Reuters","Президент Бразилии Дилма Русеф обратилась к своим согражданам с предложением сократить расходы, сообщает в понедельник, 9 марта, Reuters"
затянуть пояса,начать сильно экономить из-за нехватки средств,"В нижней палате парламента не исключили, что затянуть пояса придется в 2016-м, то есть на год раньше запланированного Минфином срока","В нижней палате парламента не исключили, что в 2016‑м придётся сократить расходы, то есть на год раньше запланированного Минфином срока"
затянуть пояса,начать сильно экономить из-за нехватки средств,"В исследовании Deloitte Global Powers of Luxury Goods говорится, что средний класс вынужден был «затянуть пояса» на фоне непростой экономической ситуации","В исследовании Deloitte Global Powers of Luxury Goods говорится, что средний класс вынужден был начать экономить на фоне непростой экономической ситуации"
затянуть пояса,начать сильно экономить из-за нехватки средств,"Ранее, 4 июля, о необходимости «затянуть пояса» россиян предупредило Минэкономразвития","Ранее, 4 июля, о необходимости перейти к экономии россиян предупредило Минэкономразвития"
затянуть пояса,начать сильно экономить из-за нехватки средств,"Израильские СМИ и общество в этот раз были особенно раздражены поступком премьера, поскольку кровать за 127 тысяч долларов была установлена в тот момент, когда правительство объявило согражданам, что им снова придется «затянуть пояса потуже»","Израильские СМИ и общество в этот раз были особенно раздражены поступком премьера, поскольку кровать за 127 тысяч долларов была установлена в тот момент, когда правительство объявило согражданам, что им снова придется начать экономить"
злые языки,"сплетники, клеветники","Злые языки даже называли это кольцо «Сапфир черни», намекая на неблагородное происхождение Дианы","Негативно настроенные люди даже называли это кольцо «Сапфир черни», намекая на неблагородное происхождение Дианы"
злые языки,"сплетники, клеветники","Злые языки утверждают, что это у нас последний МАКС в Жуковском","Недоброжелатели утверждают, что это у нас последний МАКС в Жуковском"
злые языки,"сплетники, клеветники","Представитель автодилера информацию о конфликте опроверг, предположив, что «это какие-то злые языки конкурентов»","Представитель автодилера информацию о конфликте опроверг, предположив, что «это какие‑то негативные высказывания конкурентов»"
играть в кошки-мышки,"хитрить, стараясь обмануть, провести кого-либо","После того как иракские власти поиграли в кошки-мышки с каналом ""Аль-Джазира"", сначала запретив работу его корреспондентов, а потом вновь разрешив ее, нападение на офис канала совершили американские силы","После того как иракские власти действовали противоречиво с каналом «Аль-Джазира», сначала запретив работу его корреспондентов, а потом вновь разрешив её, нападение на офис канала совершили американские силы"
играть в поддавки,"поддаваться, делать уступки, идти на компромисс","По неофициальной информации, команды специально играли в поддавки, чтобы не выйти в следующий раунд Кубка Индонезии, где их соперником должен был стать «Борнео», тесно связанный с местными мафиози","По неофициальной информации, команды специально уступали, чтобы не выйти в следующий раунд Кубка Индонезии, где их соперником должен был стать «Борнео», тесно связанный с местными мафиози"
играть на публику,"вести себя демонстративно с рассчетом на внешний эффект, одобрение или внимание окружающих","Он как бы выходит в политический ринг, но от реальной схватки уклоняется, играя на публику","Он как бы выходит в политический ринг, но от реальной схватки уклоняется, пытаясь произвести хорошее впечатление на публику"
играть на публику,"вести себя демонстративно с рассчетом на внешний эффект, одобрение или внимание окружающих","Вице-премьер, министр внутренней политики, информации и связи Республики Крым Дмитрий Полонский заявил, что Украина сможет считаться состоявшимся государством, когда киевские власти перестанут играть на публику и начнут решать реальные проблемы граждан","Вице‑премьер, министр внутренней политики, информации и связи Республики Крым Дмитрий Полонский заявил, что Украина сможет считаться состоявшимся государством, когда киевские власти перестанут делать показные действия перед общественностью и начнут решать реальные проблемы граждан"
играть на публику,"вести себя демонстративно с рассчетом на внешний эффект, одобрение или внимание окружающих","Мы не играли на публику, мы были в своем гармоничном мире и наслаждались жизнью","Мы не пытались произвести впечатление на публику, мы были в своём гармоничном мире и наслаждались жизнью"
играть на публику,"вести себя демонстративно с рассчетом на внешний эффект, одобрение или внимание окружающих","Анна Позднякова в твиттере написала, что Удальцов ""оч нагло себя ведет, притащил поддержки полный зал, играет на публику!""","Анна Позднякова в твиттере написала, что Удальцов «оч нагло себя ведет, притащил поддержки полный зал, ведет себя демонстративно!»"
играть с огнем,действовать слишком рискованно,"Когда ты говоришь о семье, религии или нации, то играешь с огнем","Когда ты говоришь о семье, религии или нации, то рискуешь"
играть с огнем,действовать слишком рискованно,"Мы с фактами на столе через наше министерство обороны, через министерство иностранных дел четко и жестко предупредили наших западных партнеров, чтобы они не играли с огнем","Мы с фактами на столе через наше министерство обороны, через министерство иностранных дел четко и жестко предупредили наших западных партнёров, чтобы они не совершали опрометчивых действий"
играть с огнем,действовать слишком рискованно,"До этого Рухани заявлял, что американскому лидеру не следует играть с огнем, и что тот не вправе подстрекать иранцев","До этого Рухани заявлял, что американскому лидеру не следует рисковать, и что тот не вправе подстрекать иранцев"
идти на поводу,беспрекословно подчиняться чужой воле,"26 апреля Bloomberg со ссылкой на источники сообщило, что основной владелец «Русала», бизнесмен Олег Дерипаска, решил не идти на поводу США и не отказываться от контроля над российской компанией","26 апреля Bloomberg со ссылкой на источники сообщило, что основной владелец «Русала», бизнесмен Олег Дерипаска, решил не подчиняться требованиям США и не отказываться от контроля над российской компанией"
идти на поводу,беспрекословно подчиняться чужой воле,"В полиции местных жителей призвали быть предусмотрительными и «не идти на поводу людей, призывающих к противоправной деятельности, которые хотят разжечь межнациональную рознь и при этом используют религиозную составляющую","В полиции местных жителей призвали быть предусмотрительными и «не поддаваться людям, призывающим к противоправной деятельности, которые хотят разжечь межнациональную рознь и при этом используют религиозную составляющую»"
идти на поводу,беспрекословно подчиняться чужой воле,Не идите на поводу у закулисных кукловодов,Не поддавайтесь влиянию закулисных кукловодов
идти на поводу,беспрекословно подчиняться чужой воле,Людей предупреждают «не идти на поводу у своих желаний»,Людей предупреждают «не поддаваться своим желаниям»
идти по стопам,"следовать примеру кого-либо, подражать","Тогда же СМИ сообщили, что Лили-Роуз пошла по стопам отца, решив стать актрисой","Тогда же СМИ сообщили, что Лили-Роуз решила повторить за отцом, став актрисой"
идти по стопам,"следовать примеру кого-либо, подражать",Она пошла по стопам семьи Боба Марли (бренд Marley Natural) и рэпера Снуп Дога (Leafs by Snoop),Она последовала примеру семьи Боба Марли (бренд Marley Natural) и рэпера Снуп Дога (Leafs by Snoop)
идти по стопам,"следовать примеру кого-либо, подражать","По его словам, премьер-министр страны Нарендра Моди «не понимает, что нужно людям», а этот поступок должен убедить главу правительства не идти по стопам Гитлера, передает телеканал Sky News","По его словам, премьер‑министр страны Нарендра Моди «не понимает, что нужно людям», а этот поступок должен убедить главу правительства не повторять действия Гитлера, передаёт телеканал Sky News"
идти по стопам,"следовать примеру кого-либо, подражать","Представители Skyscanner отшутились, посоветовав Ллойду не идти по стопам героя фильма «Терминал» и провести время за пределами аэропорта","Представители Skyscanner отшутились, посоветовав Ллойду не следовать примеру героя фильма «Терминал» и провести время за пределами аэропорта"
из кожи вон лезть,"стараться изо всех сил, проявлять усердие, делать всё возможное для достижения поставленной цели","Зачем спортивную общественность возбуждать? Зачем обижать тех тренеров, которые и так из кожи вон лезут?","Зачем спортивную общественность возбуждать? Зачем обижать тех тренеров, которые и так прилагают огромные усилия?"
из кожи вон лезть,"стараться изо всех сил, проявлять усердие, делать всё возможное для достижения поставленной цели","Российские телеканалы и сайты из кожи вон лезли, чтоб не скрывать несправедливое судилище над Савченко","Российские телеканалы и сайты прилагали огромные усилия, чтобы не скрывать несправедливое судилище над Савченко"
из кожи вон лезть,"стараться изо всех сил, проявлять усердие, делать всё возможное для достижения поставленной цели","12 января Кадыров на встрече с журналистами в Грозном заявил, что внесистемная оппозиция — это люди, «о которых раньше никто ничего не слышал, из кожи вон лезут, чтобы прославиться тем, что противопоставляют себя президенту России Владимиру Путину»","12 января Кадыров на встрече с журналистами в Грозном заявил, что внесистемная оппозиция — это люди, «о которых раньше никто ничего не слышал, прикладывают колоссальные усилия, чтобы прославиться тем, что противопоставляют себя президенту России Владимиру Путину»"
из кожи вон лезть,"стараться изо всех сил, проявлять усердие, делать всё возможное для достижения поставленной цели","2K из кожи вон лезло, чтобы он там обязательно появился, несмотря на то, что он бы ухудшил восприятие игры и навредил всему проекту в целом","2K прилагало огромные усилия, чтобы он там обязательно появился, несмотря на то, что он бы ухудшил восприятие игры и навредил всему проекту в целом"
из первых рук,непосредственно от кого-либо,Я знаю из первых рук о мучительных жертвах наших мужчин и женщин в военной форме,Я знаю на основе прямых свидетельств о мучительных жертвах наших мужчин и женщин в военной форме
из первых рук,непосредственно от кого-либо,"Он добавил, что существует масса вариантов развития ситуации, и «без знания конкретно этой истории из первых рук» более точно сказать ничего нельзя","Он добавил, что существует масса вариантов развития ситуации, и «без знания конкретно этой истории из первоисточника» более точно сказать ничего нельзя"
из первых рук,непосредственно от кого-либо,"Участники мастер-класса смогут из первых рук получить информацию о действующих на «дальневосточных гектарах» бизнес-проектах, возможностях по кооперации, а также новых решениях для освоения земельных участков и реализации произведенной на них продукции","Участники мастер-класса смогут от первых лиц получить информацию о действующих на «дальневосточных гектарах» бизнес-проектах, возможностях по кооперации, а также новых решениях для освоения земельных участков и реализации произведенной на них продукции"
из первых рук,непосредственно от кого-либо,"Наши люди работают на земле, и мы получаем информацию из первых рук, а не из социальных сетей и сайтов боевиков","Наши люди работают на земле, и мы получаем информацию из первоисточников, а не из социальных сетей и сайтов боевиков"
из первых уст,непосредственно от кого-либо,"Я не ожидала, что меня пригласят на открытие Всемирного дня шопинга в Шанхай, радость и волнение переполняют! Уверена, что от поездки не только будет масса приятных впечатлений о Китае, но и добавятся новые знания о том, как организована интернет-торговля, и конечно же, доставка отправлений из Китая, непосредственно из первых уст","Я не ожидала, что меня пригласят на открытие Всемирного дня шопинга в Шанхай, радость и волнение переполняют! Уверена, что от поездки не только будет масса приятных впечатлений о Китае, но и добавятся новые знания о том, как организована интернет‑торговля, и конечно же, доставка отправлений из Китая, напрямую от экспертов"
из первых уст,непосредственно от кого-либо,"В рамках программы Silver Mercury аудитории представится возможность услышать о том, как создаются их любимые фестивали из первых уст","В рамках программы Silver Mercury аудитории представится возможность услышать о том, как создаются их любимые фестивали из первоисточников"
из-под полы,"незаконно, тайком","«Продажи из-под полы теми же таксистами, рост употребления любых спиртосодержащих жидкостей, проблема контрафакта в условиях невозможности контролировать ситуацию в рамках цивилизованных условий торговли… И, как результат, увеличение количества правонарушений и алкогольных отравлений, дополнительная нагрузка на систему здравоохранения и расход бюджетных средств","«Продажи тайно теми же таксистами, рост употребления любых спиртосодержащих жидкостей, проблема контрафакта в условиях невозможности контролировать ситуацию в рамках цивилизованных условий торговли… И, как результат, увеличение количества правонарушений и алкогольных отравлений, дополнительная нагрузка на систему здравоохранения и расход бюджетных средств»"
из-под полы,"незаконно, тайком","Жидкость поступала в торговые точки без каких-либо документов и продавалась ""из-под полы"" для употребления в качестве алкогольного напитка",Жидкость поступала в торговые точки без каких-либо документов и продавалась нелегально для употребления в качестве алкогольного напитка
изо всех сил,на пределе своих возможностей,"Мужчина с трудом говорил, потому что изо всех сил боролся с сильным ветром и ливнем","Мужчина с трудом говорил, потому что активно боролся с сильным ветром и ливнем"
изо всех сил,на пределе своих возможностей,"Они закричали изо всех сил, чтобы напугать зверей, но медведица все равно бросилась на них","Они громко закричали, чтобы напугать зверей, но медведица всё равно бросилась на них"
испокон век,издревна,"«Россия — это часть Европы, собственно, испокон веков рассчитывала только на себя», — сказал официальный представитель Кремля, комментируя заявление немецкого политика","«Россия — это часть Европы, собственно, с древних времён рассчитывала только на себя», — сказал официальный представитель Кремля, комментируя заявление немецкого политика"
испокон век,издревна,"Испокон веков подлеца били по лицу, вызывали на дуэль","С древних времён подлеца били по лицу, вызывали на дуэль"
испокон век,издревна,В Чечне испокон веков чтили героев,В Чечне издревле чтили героев
испокон век,издревна,"Испокон веков считалось, что благодаря молитве, звучащей в ходе танца, мы восстанавливаем силы после суровой зимы","Издавна считалось, что благодаря молитве, звучащей в ходе танца, мы восстанавливаем силы после суровой зимы"
испустить дух,умереть,"Я впился зубами ему в шею и держал, пока он не испустил дух","Я впился зубами ему в шею и держал, пока он не умер"
как белка в колесе,"очень суетливо, активно, без остановки и отдыха","Наследники могут не захотеть вертеться, как белка в колесе, — пояснил Лебедев, добавив, что ""проще всего передавать наследство своим детям в виде наличных на счетах за рубежом, например, в швейцарских банках, и недвижимости""","Наследники могут не захотеть суетиться, — пояснил Лебедев, добавив, что ""проще всего передавать наследство своим детям в виде наличных на счетах за рубежом, например, в швейцарских банках, и недвижимости"""
как две капли воды,"идеально похожие друг на друга, внешне неотличимые","Сопоставив стоп-кадры из отснятого материала с архивными фото, выяснили: эти двое охранников, которые теперь сопровождают президента Петра Порошенко, как две капли воды похожи на тех, что охраняли бывшего президента беглого Виктора Януковича","Сопоставив стоп‑кадры из отснятого материала с архивными фото, выяснили: эти двое охранников, которые теперь сопровождают президента Петра Порошенко, неотличимы от тех, что охраняли бывшего президента беглого Виктора Януковича"
как две капли воды,"идеально похожие друг на друга, внешне неотличимые","Нагово-Мюнхгаузен заявил, что похож на своего знаменитого предка как две капли воды, и к тому же унаследовал его авантюрный характер и литературные способности","Нагово‑Мюнхгаузен заявил, что очень похож на своего знаменитого предка, и к тому же унаследовал его авантюрный характер и литературные способности"
как две капли воды,"идеально похожие друг на друга, внешне неотличимые","Как сообщает The Telegraph, 21-летний швед как две капли воды похож на молодого актера, когда тот снимался в «Титанике»","Как сообщает The Telegraph, 21‑летний швед очень похож на молодого актера, когда тот снимался в «Титанике»"
как две капли воды,"идеально похожие друг на друга, внешне неотличимые","Кашаму сумел убедить британских судей, что американцы перепутали его с покойным братом, на которого Буруджи якобы похож как две капли воды","Кашаму сумел убедить британских судей, что американцы перепутали его с покойным братом, на которого Буруджи якобы очень сильно похож"
как крысы с корабля,предательски бежать от опасности,Манчини убежал как крыса с корабля,Манчини убежал испуганно
как по маслу,"без помех, без затруднений, без осложнений","Все идет как по маслу, пока Майклу не предлагают взяться за некий грандиозный контракт сроком на три года, посулив в случае успеха колоссальный гонорар","Все идет без проблем, пока Майклу не предлагают взяться за некий грандиозный контракт сроком на три года, посулив в случае успеха колоссальный гонорар"
как по маслу,"без помех, без затруднений, без осложнений","Обобщив результаты, ученые установили, что те, кто проводит за видеоиграми меньше часа в день, чаще прочих отмечали, что всем довольны и социальная интеграция у них идет как по маслу","Обобщив результаты, учёные установили, что те, кто проводит за видеоиграми меньше часа в день, чаще прочих отмечали, что всем довольны, и социальная интеграция у них проходит без затруднений"
как по маслу,"без помех, без затруднений, без осложнений","Только небольшое количество продавцов оставляют отрицательные отзывы о своих покупателях, а большинство сделок ""идет как по маслу"", указали в администрации интернет-аукциона","Только небольшое количество продавцов оставляют отрицательные отзывы о своих покупателях, а большинство сделок проходит без проблем, указали в администрации интернет‑аукциона"
как по маслу,"без помех, без затруднений, без осложнений","Поэтому, когда он наконец-таки появился в арендованном съемочной группой кафе на Ломоносовском проспекте, все пошло как по маслу","Поэтому, когда он наконец-таки появился в арендованном съемочной группой кафе на Ломоносовском проспекте, все пошло слаженно"
как снежный ком,стремительно быстро и увеличиваясь в размерах,"По его словам, различные препятствия для Белоруссии на рынке ЕАЭС «нарастают, как снежный ком»","По его словам, различные препятствия для Белоруссии на рынке ЕАЭС стремительно нарастают"
как снежный ком,стремительно быстро и увеличиваясь в размерах,"Скинул одно видео в интернет, и с тех пор пошло-поехало, как снежный ком","Скинул одно видео в интернет, и с тех пор пошло‑поехало вовсю"
как снежный ком,стремительно быстро и увеличиваясь в размерах,В итоге размер откатов увеличивается и коррупция растет как снежный ком,В итоге размер откатов увеличивается и коррупция растет стремительно
как снежный ком,стремительно быстро и увеличиваясь в размерах,"Дальше получается, как снежный ком: ты привыкаешь к уколам и в итоге вообще перестаешь думать о том, что именно тебе колют","Дальше всё накапливается: ты привыкаешь к уколам и в итоге вообще перестаёшь думать о том, что именно тебе колют"
как собака на сене,кто-либо сам не пользуется чем-либо и другим не даёт пользоваться,"В спор Лужкова и Грефа вмешался премьер-министр Михаил Фрадков, попросив участников заседания не переходить в плоскость личных конфликтов и не вести себя ""как собака на сене""","В спор Лужкова и Грефа вмешался премьер‑министр Михаил Фрадков, попросив участников заседания не переходить в плоскость личных конфликтов и не саботировать друг друга"
как собака на сене,кто-либо сам не пользуется чем-либо и другим не даёт пользоваться,"Останемся, как собака на сене, на этом трубопроводе, — отмечал Янукович, имея в виду украинскую ГТС","Будем без пользы для себя удерживать этот трубопровод, — отмечал Янукович, имея в виду украинскую ГТС"
как стадо баранов,"беспорядочной толпой, бессмысленно","Председатель ""Справедливой России"" Николай Левичев, комментируя раскол в организации, заявил, что ей ""не нужны люди, которые пришли в 'СР' как стадо баранов""","Председатель «Справедливой России» Николай Левичев, комментируя раскол в организации, заявил, что ей «не нужны люди, которые пришли в «СР» бездумно"
как сыр в масле,"беспечно, беззаботно, богато, в благополучии","2 миллиона или 54 тысячи, я мать четырех детей и зарабатываю одна, и мы не то чтобы катаемся как сыр в масле","2 миллиона или 54 тысячи, я мать четырёх детей и зарабатываю одна, и мы не то чтобы живём в роскоши"
кануть в лету,бесследно и навсегда исчезнуть; быть навечно забытым,"Сегодня от этого ""культурного кода"" практически не осталось и следа, он канул в Лету","Сегодня от этого «культурного кода» практически не осталось и следа, он полностью исчез"
кануть в лету,бесследно и навсегда исчезнуть; быть навечно забытым,"Времена, когда церковь технический прогресс отрицала, давно канули в лету","Времена, когда церковь технический прогресс отрицала, давно прошли"
кануть в лету,бесследно и навсегда исчезнуть; быть навечно забытым,"На взгляд Пескова, авторы расследования «не гнушаются, сами выдумывают, подтасовывают» факты, а традиции качественных журналистских расследований канули в Лету","На взгляд Пескова, авторы расследования «не гнушаются, сами выдумывают, подтасовывают» факты, а традиции качественных журналистских расследований оказались утрачены"
кануть в лету,бесследно и навсегда исчезнуть; быть навечно забытым,"Эти палачи, которые убивали наших героев в прошлом веке, должны кануть в лету","Эти палачи, которые убивали наших героев в прошлом веке, должны быть забыты"
капля в море,очень маленькая часть чего-либо,"Как отметил Уокер, это капля в море по сравнению с общим объемом гуманитарной помощи — 22 миллиарда в американской валюте","Как отметил Уокер, это небольшая часть по сравнению с общим объёмом гуманитарной помощи — 22 миллиарда в американской валюте"
капля в море,очень маленькая часть чего-либо,"В настоящее время США закупают у России примерно 300 тысяч баррелей нефти и нефтепродуктов в день, причем закупки довольно сильно колеблются от месяца к месяцу — это капля в море, около двух-трех процентов от общего объема потребностей США в импорте и менее трех процентов от добычи нефти в России","В настоящее время США закупают у России примерно 300 тысяч баррелей нефти и нефтепродуктов в день, причем закупки довольно сильно колеблются от месяца к месяцу — это незначительная часть, около двух‑трёх процентов от общего объёма потребностей США в импорте и менее трёх процентов от добычи нефти в России"
капля в море,очень маленькая часть чего-либо,"Как отметил Саакашвили, возбуждение уголовного дела по факту хищений в Одесском припортовом заводе — «маленькая капля в море того», что, по его словам, похитило правительство Яценюка","Как отметил Саакашвили, возбуждение уголовного дела по факту хищений в Одесском припортовом заводе — лишь малая часть того, что, по его словам, похитило правительство Яценюка"
капля в море,очень маленькая часть чего-либо,"Специалист подчеркнул, что три пары правоохранительные органы уже нашли, но это «капля в море»","Специалист подчеркнул, что три пары правоохранительные органы уже нашли, но это лишь малая часть"
кнут и пряник,"метод воздействия на кого-либо, использующий щедрое поощрение желательного поведения и суровое наказание за нежелательное","«Тактика кнута и пряника, которой пытаются играть США, в отношении Китая бесполезна», — говорится в заявлении","«Тактика давления и поощрения, которой пытаются играть США, в отношении Китая бесполезна», — говорится в заявлении"
кнут и пряник,"метод воздействия на кого-либо, использующий щедрое поощрение желательного поведения и суровое наказание за нежелательное","BBC News отмечает, что британская ассоциация производителей фонограмм BPI положительно отнеслась к данным исследования однако отметила, что несмотря на интерес любителей файлообмена к легальным магазинам, в целом их расходы на лицензионную музыку невелики, и поэтому правообладатели находят рациональной политику ""кнута и пряника""","BBC News отмечает, что британская ассоциация производителей фонограмм BPI положительно отнеслась к данным исследования однако отметила, что несмотря на интерес любителей файлообмена к легальным магазинам, в целом их расходы на лицензионную музыку невелики, и поэтому правообладатели находят рациональной политику поощрения и наказания"
кнут и пряник,"метод воздействия на кого-либо, использующий щедрое поощрение желательного поведения и суровое наказание за нежелательное",Верховный комиссар ООН по делам беженцев Филиппо Гранди подверг жесткой критике Евросоюз за применяемую тем для разрешения миграционного кризиса политику кнута и пряника,Верховный комиссар ООН по делам беженцев Филиппо Гранди подверг жесткой критике Евросоюз за применяемую тем для разрешения миграционного кризиса политику принуждения и поощрения
ком в горле,"о чувстве болезненного стеснения в горле, вызванном, как правило, сильным эмоциональным напряжением","Все песни спеты отлично, и шоу получилось очень смешное… Над последней сценой многие в зале плакали, и у меня тоже стоял ком в горле","Все песни спеты отлично, и шоу получилось очень смешное… Над последней сценой многие в зале плакали, и у меня тоже наворачивались слёзы"
концы в воду,"о сокрытим свидетельств, уничтожении улик","Порошенко выступил против того, чтобы бортовые самописцы «Боинга» были отправлены в Москву, так как ополчение, по его мнению, таким образом пытается «спрятать концы в воду»","Порошенко выступил против того, чтобы бортовые самописцы «Боинга» были отправлены в Москву, так как ополчение, по его мнению, таким образом пытается скрыть улики"
концы в воду,"о сокрытим свидетельств, уничтожении улик","Ведь убийство означает ""концы в воду"", а теперь получается, что главный свидетель, который мог бы на суде рассказать подробности происшествия, подробности работы всей системы Skyguide, устранен","Ведь убийство означает полное сокрытие улик, а теперь получается, что главный свидетель, который мог бы на суде рассказать подробности происшествия, подробности работы всей системы Skyguide, устранен"
концы в воду,"о сокрытим свидетельств, уничтожении улик","Проще говоря, есть все основания подозревать организаторов аукциона в попытке спрятать чьи-то нечистые концы в воду","Проще говоря, есть все основания подозревать организаторов аукциона в попытке скрыть чьи‑то нечистые дела"
концы в воду,"о сокрытим свидетельств, уничтожении улик","Могли концы в воду спрятать, — сказал Черняховский, не уточнив, кого конкретно он подозревает в убийстве","Могли скрыть улики, — сказал Черняховский, не уточнив, кого конкретно он подозревает в убийстве"
коронный номер,лучшая и самая эффектная часть выступления,Этот трюк был коронным номером их программы,Этот трюк был главным выступлением их программы
коронный номер,лучшая и самая эффектная часть выступления,"Журналист Мэтт Уайтхэд признался, что речь Каттера станет его коронным номером на вечеринках","Журналист Мэтт Уайтхэд признался, что речь Каттера станет главной частью программы на вечеринках"
краем глаза,"мельком, боковым зрением, вполглаза","26-летний Ричардсон рассказал изданию Liverpool Echo, что он настраивал GPS-навигатор, когда краем глаза заметил питомца: тот забрался на перила возле дома, встал на задние лапы и попытался оттянуть дверной молоток, чтобы сообщить хозяевам о своем визите","26‑летний Ричардсон рассказал изданию Liverpool Echo, что он настраивал GPS‑навигатор, когда мельком заметил питомца: тот забрался на перила возле дома, встал на задние лапы и попытался оттянуть дверной молоток, чтобы сообщить хозяевам о своём визите"
краем глаза,"мельком, боковым зрением, вполглаза","Мой парень пошел в уборную, краем глаза увидел, что телефон дымится и услышал визгливый звук","Мой парень пошел в уборную, мельком увидел, что телефон дымится, и услышал визгливый звук"
краем глаза,"мельком, боковым зрением, вполглаза",Краем глаза Мюллер заметила движение на туалетном столике,Вполглаза Мюллер заметила движение на туалетном столике
красивый жест,"преднамеренный поступок, рассчитанный на то, чтобы произвести хорошее впечатление","«Это действительно красивый жест, который свидетельствует об уровне наших отношений», — сказал Мадуро, признавшись, что поступок российского лидера его удивил","«Это действительно важный символический шаг, который свидетельствует об уровне наших отношений», — сказал Мадуро, признавшись, что поступок российского лидера его удивил"
красивый жест,"преднамеренный поступок, рассчитанный на то, чтобы произвести хорошее впечатление","Как сообщает Associated Press, спортсменка заявила, что она покрасила ногти, чтобы выразить свои взгляды, и считает это «красивым жестом»","Как сообщает Associated Press, спортсменка заявила, что она покрасила ногти, чтобы выразить свои взгляды, и считает это изящным способом выразить свою позицию"
красивый жест,"преднамеренный поступок, рассчитанный на то, чтобы произвести хорошее впечатление","Руководство обеих структур посчитало, что это будет красивым жестом — сменить название домашнего стадиона команды в преддверии всероссийского праздника — Дня железнодорожника","Руководство обеих структур посчитало, что это будет хорошим поступком — сменить название домашнего стадиона команды в преддверии всероссийского праздника — Дня железнодорожника"
красивый жест,"преднамеренный поступок, рассчитанный на то, чтобы произвести хорошее впечатление","Не понимаю, зачем мы теперь должны демонстрировать такие красивые жесты, если люди их не в состоянии оценить?, - отметила она","Не понимаю, зачем мы теперь должны демонстрировать великодушие, если люди его не в состоянии оценить?, — отметила она"
кто во что горазд,"делать что‐либо несогласованно, вразнобой, каждый по‐своему, в меру своих способностей или фантазии","Что же это такое! По кладбищу пройти невозможно, кто во что горазд","Что же это такое! По кладбищу пройти невозможно, каждый делает что хочет"
кто во что горазд,"делать что‐либо несогласованно, вразнобой, каждый по‐своему, в меру своих способностей или фантазии","В настоящее время прокуроры выступают в суде в мундирах, судьи облачены в мантии, а адвокаты — кто во что горазд","В настоящее время прокуроры выступают в суде в мундирах, судьи облачены в мантии, а адвокаты одеваются как хотят"
лакомый кусочек,"то, что является заманчивым и соблазнительным и привлекает внимание","Существует экспертное мнение, что Conoco продает этот актив, потому что ей нужны деньги, ведь 'Лукойл' — лакомый кусочек и приносил американскому акционеру стабильный доход","Существует экспертное мнение, что Conoco продает этот актив, потому что ей нужны деньги, ведь «Лукойл» — выгодный актив и приносил американскому акционеру стабильный доход"
лакомый кусочек,"то, что является заманчивым и соблазнительным и привлекает внимание","Туркам выгодно захватить Сирию, потому что государства там нет, и они стремятся получить лакомый кусочек просто так","Туркам выгодно захватить Сирию, потому что государства там нет, и они стремятся получить ценную территорию просто так"
лакомый кусочек,"то, что является заманчивым и соблазнительным и привлекает внимание","Глава РПС считает, что критерии эффективности подбирались таким образом, чтобы признать неэффективными вузы, представляющие собой ""лакомый кусочек"" из-за имеющихся в их распоряжении земельных участков и недвижимости","Глава РПС считает, что критерии эффективности подбирались таким образом, чтобы признать неэффективными вузы, представляющие собой выгодный актив из-за имеющихся в их распоряжении земельных участков и недвижимости"
лирическое отступление,уход от главной темы,Причиной поражения он назвал увлечение лирическими отступлениями,Причиной поражения он назвал увлечение второстепенными деталями
лицом к лицу,"один против другого; в непосредственной близости, очень близко","По словам автора, несмотря на то, что ведение воздушного боя является главной специализацией американского истребителя, при встрече с российским Су-35 лицом к лицу F-22 Raptor оказался бы в невыгодном положении: его преимущества в незаметности не играют решающей роли при современных условиях ведения боя, при этом ему явно не хватает вооружения","По словам автора, несмотря на то, что ведение воздушного боя является главной специализацией американского истребителя, в прямом столкновении с российским Су‑35 F‑22 Raptor оказался бы в невыгодном положении: его преимущества в незаметности не играют решающей роли при современных условиях ведения боя, при этом ему явно не хватает вооружения"
лицом к лицу,"один против другого; в непосредственной близости, очень близко","Он отметил, что бывший боксер говорил о нем неприятные вещи, однако боец рад был встретиться, обсудить все лицом к лицу и уладить конфликт","Он отметил, что бывший боксер говорил о нём неприятные вещи, однако боец рад был встретиться, обсудить всё лично и уладить конфликт"
лицом к лицу,"один против другого; в непосредственной близости, очень близко",Мы столкнулись с этой тварью лицом к лицу,Мы столкнулись с этой тварью напрямую
лицом к лицу,"один против другого; в непосредственной близости, очень близко",Бойцы смешанного стиля Хабиб Нурмагомедов и Конор Макгрегор встретились лицом к лицу на церемонии взвешивания за сутки до боя,Бойцы смешанного стиля Хабиб Нурмагомедов и Конор Макгрегор встретились лично на церемонии взвешивания за сутки до боя
лоб в лоб,"в упор, прямо перед собою или в переднюю часть чего-либо, навстречу чему-либо","Водитель баварского кроссовера не справился с управлением и выехал на встречную полосу, где лоб в лоб столкнулся с Lada Kalina","Водитель баварского кроссовера не справился с управлением и выехал на встречную полосу, где напрямую столкнулся с Lada Kalina"
лоб в лоб,"в упор, прямо перед собою или в переднюю часть чего-либо, навстречу чему-либо","Неделей ранее, 8 ноября, в автобусной аварии в Зимбабве погибли более 50 человек: тогда на шоссе лоб в лоб столкнулись два пассажирских автобуса","Неделей ранее, 8 ноября, в автобусной аварии в Зимбабве погибли более 50 человек: тогда на шоссе напрямую столкнулись два пассажирских автобуса"
лоб в лоб,"в упор, прямо перед собою или в переднюю часть чего-либо, навстречу чему-либо",На повороте на кладбище на Тишинском шоссе лоб в лоб столкнулись два легковых автомобиля,На повороте на кладбище на Тишинском шоссе совершили лобовое столкновение два легковых автомобиля
лоб в лоб,"в упор, прямо перед собою или в переднюю часть чего-либо, навстречу чему-либо","На трассе Тюмень — Курган он выехал на полосу встречного движения и лоб в лоб столкнулся с машиной такси Toyota Avensis, которое выполняло заказ","На трассе Тюмень — Курган он выехал на полосу встречного движения и прямо столкнулся с машиной такси Toyota Avensis, которое выполняло заказ"
ломать голову,"напряжённо размышлять, думать, искать решение проблемы","В нем мужчина благодарит Хэнсон за предложение и отмечает, что вся радиостанция «ломает голову над тем, чем заменить звуки Биг-Бена»","В нем мужчина благодарит Хэнсон за предложение и отмечает, что вся радиостанция пытается решить, чем заменить звуки Биг‑Бена"
ломать голову,"напряжённо размышлять, думать, искать решение проблемы","В этом году возможно, но мы пока не очень ломаем голову над этим","В этом году возможно, но мы пока не очень обдумываем это"
ломать голову,"напряжённо размышлять, думать, искать решение проблемы","Сначала ломаешь голову, а потом смотришь в зурхай, и все становится понятно","Сначала долго размышляешь, а потом смотришь в зурхай, и всё становится понятно"
ломать голову,"напряжённо размышлять, думать, искать решение проблемы","Ранее в ноябре пользователи Reddit поломали голову над фотографией сидящих на скутере молодых людей, похожих на голого парня на байке","Ранее в ноябре пользователи Reddit пытались разобраться с фотографией сидящих на скутере молодых людей, похожих на голого парня на байке"
львиная доля,большая часть составляющего,"По прогнозам аналитиков, львиная доля зарубежных инвестиций поступит от компаний из Азии","По прогнозам аналитиков, большая часть зарубежных инвестиций поступит от компаний из Азии"
львиная доля,большая часть составляющего,"Проблема оснащения системами ЭРА-ГЛОНАСС личных подержанных автомобилей имеет для жителей Дальнего Востока принципиальное значение, так как в регионе львиная доля автопарка — это праворульные иномарки","Проблема оснащения системами ЭРА-ГЛОНАСС личных подержанных автомобилей имеет для жителей Дальнего Востока принципиальное значение, так как в регионе большая часть автопарка — это праворульные иномарки"
львиная доля,большая часть составляющего,"Львиная доля этих денег уходила как раз на оплату коммуналки за квартиру, где живет Степаненко","Большая часть этих денег уходила как раз на оплату коммуналки за квартиру, где живет Степаненко"
мало не покажется,будут тяжелые и суровые последствия,"Если на нас нападают извне, то не только ты, мы все можем так прыгнуть, и мало не покажется","Если на нас нападают извне, то не только ты, мы все можем так прыгнуть, и последствия будут тяжелыми"
мало не покажется,будут тяжелые и суровые последствия,"12 августа Саакашвили поставил ультиматум украинским властям: либо ему возвращают гражданство страны, либо «им мало не покажется»","12 августа Саакашвили поставил ультиматум украинским властям: либо ему возвращают гражданство страны, либо они столкнутся с серьезными последствиями"
малой кровью,небольшими потерями; не затрачивая много усилий,"На днях родственники Гемуева даже избили Азубекова, но обошлось малой кровью, и заявление он писать не стал","На днях родственники Гемуева даже избили Азубекова, но обошлось без серьезных последствий, и заявление он писать не стал"
малой кровью,небольшими потерями; не затрачивая много усилий,"Это, по его словам, позволило бы избежать сокращений и обойтись «малой кровью»","Это, по его словам, позволило бы избежать сокращений и обойтись минимальным ущербом"
малой кровью,небольшими потерями; не затрачивая много усилий,"После поединка Проводников отметил, что мог выиграть этот бой «малой кровью»","После поединка Проводников отметил, что мог выиграть этот бой с минимальным уроном"
малой кровью,небольшими потерями; не затрачивая много усилий,Отбить нападение сравнительно малой кровью помогла заблаговременно полученная информация о готовящемся нападении,Отбить нападение с небольшими потерями помогла заблаговременно полученная информация о готовящемся нападении
малой кровью,небольшими потерями; не затрачивая много усилий,"«Политика умиротворения» — комплекс политических мер, претворявшихся британскими премьер-министрами в отношении нацистской Германии в 1930-х годах с целью ее умиротворения «малой кровью»","«Политика умиротворения» — комплекс политических мер, претворявшихся британскими премьер-министрами в отношении нацистской Германии в 1930‑х годах с целью её умиротворения ценой минимальных уступок"
медвежья услуга,"неумелая, неуместная помощь, причиняющая неприятности ","Уполномоченный по правам человека в России Элла Памфилова заявила, что подобные высказывания оказывают президенту России медвежью услугу","Уполномоченный по правам человека в России Элла Памфилова заявила, что подобные высказывания наносят президенту России вред"
медвежья услуга,"неумелая, неуместная помощь, причиняющая неприятности ","«Здесь надо очень серьезно посмотреть, не сделаем ли мы медвежью услуги населению», — заявил он на конференции «Ипотечное кредитование в России»","«Здесь надо очень серьезно посмотреть, не подставим ли мы население», — заявил он на конференции «Ипотечное кредитование в России»"
медвежья услуга,"неумелая, неуместная помощь, причиняющая неприятности ",На чемпионате России судьи оказали Виктору медвежью услугу в четвертьфинальной схватке,На чемпионате России судьи оказали Виктору сомнительную помощь в четвертьфинальной схватке
медвежья услуга,"неумелая, неуместная помощь, причиняющая неприятности ","Демократы и их союзники в СМИ оказывают стране медвежью услугу, продвигая свою повестку ""ни дня без скандала""","Демократы и их союзники в СМИ вредят стране, продвигая свою повестку «ни дня без скандала»"
между делом,"попутно, в промежутках между основными занятиями","Как указывается в сообщении, двое приятелей распивали спиртное и между делом поспорили, кто из них более опытный парашютист","Как указывается в сообщении, двое приятелей распивали спиртное и заодно поспорили, кто из них более опытный парашютист"
между делом,"попутно, в промежутках между основными занятиями","Активно участвовал в посиделках со спиртным, во время которых между делом расспрашивал ""профильных"" сотрудников о нужной британцам информации","Активно участвовал в посиделках со спиртным, во время которых как бы невзначай расспрашивал «профильных» сотрудников о нужной британцам информации"
между делом,"попутно, в промежутках между основными занятиями","Необходимо определенным образом, а не между делом, приступить к созданию качественных каналов коммуникации с Россией","«Необходимо определенным образом, а не мимоходом, приступить к созданию качественных каналов коммуникации с Россией»"
между строк,"скрытый смысл написанного, недосказанного","«Отметь друга, который должен прочитать между строк», — предложили администраторы профиля","«Отметь друга, который должен понять скрытый смысл», — предложили администраторы профиля"
между строк,"скрытый смысл написанного, недосказанного","«Но тут же читается между строк: дать передышку боевикам», — отметил политик","«Но тут же можно понять скрытый смысл: дать передышку боевикам», — отметил политик"
между строк,"скрытый смысл написанного, недосказанного",В политике нужно уметь читать между строк и не воспринимать все буквально,В политике нужно уметь понимать скрытый смысл и не воспринимать всё буквально
молчать в тряпочку,не выражать словами своего отношения к чему-либо,"Латынина отметила, что ей «вообще надо молчать в тряпочку», обсуждая вопрос о том, почему метеорит заметили так поздно","Латынина отметила, что ей вообще лучше говорить ни слова, обсуждая вопрос о том, почему метеорит заметили так поздно"
моя хата с краю,отстраняться от дела,"Украина, подчеркнул Ющенко, не должна занять позицию ""моя хата с краю"", поскольку Ирак - это второе нефтяное месторождение мира, которое на много лет может быть альтернативой европейскому энергетическому рынку","Украина, подчеркнул Ющенко, не должна занимать позицию, при которой она остается в стороне, поскольку Ирак — это второе нефтяное месторождение мира, которое на много лет может быть альтернативой европейскому энергетическому рынку"
на вес золота,"очень дорого, бесценно",Время для Украины — на вес золота,Время для Украины — чрезвычайно ценно
на вес золота,"очень дорого, бесценно","Джин Шоу, мать-одиночка, рассказала, что она и ее дети жили ""как в Африке, где вода на вес золота""","Джин Шоу, мать-одиночка, рассказала, что она и её дети жили «как в Африке, где вода была очень ценной»"
на вес золота,"очень дорого, бесценно","Каждый толковый украинец, я считаю — на вес золота, и надо менять наших парней на поле боя машинами","Каждый толковый украинец, я считаю, очень ценен, и надо менять наших парней на поле боя машинами"
на вес золота,"очень дорого, бесценно","Есть варианты, которые всегда будут на вес золота, они доступны лишь единицам","Есть варианты, которые всегда будут чрезвычайно ценными, они доступны лишь единицам"
на вес золота,"очень дорого, бесценно","Я сразу позвонил Жану Беленюку и сказал, что он настоящий чемпион, его серебро на вес золота и я считаю, что судейство было необъективным","Я сразу позвонил Жану Беленюку и сказал, что он настоящий чемпион, его серебро бесценно, и я считаю, что судейство было необъективным"
на каждом углу,"везде, повсюду","«Гибридное присвоение истории — это на каждом углу последние два года кричать, что Украина стоит у истоков создания ООН и с первого дня своей работы в 1945 году, будучи еще в составе СССР, украинская делегация принимала самое активное участие в формировании Организации, а параллельно с этим в 2014 году сносить в Киеве памятник Дмитрию Мануильскому — первому представителю Украины в ООН","«Гибридное присвоение истории — это везде последние два года кричать, что Украина стоит у истоков создания ООН и с первого дня своей работы в 1945 году, будучи еще в составе СССР, украинская делегация принимала самое активное участие в формировании Организации, а параллельно с этим в 2014 году сносить в Киеве памятник Дмитрию Мануильскому — первому представителю Украины в ООН»"
на каждом углу,"везде, повсюду","Особенно сейчас обращаю внимание руководителей регионов — когда приезжаешь в какой-то город, сразу виден уровень культуры местного чиновничества, если на каждом углу у нас все названия различных учреждений, рекламы исключительно латинскими буквами","Особенно сейчас обращаю внимание руководителей регионов — когда приезжаешь в какой‑то город, сразу виден уровень культуры местного чиновничества, если везде у нас все названия различных учреждений, рекламы исключительно латинскими буквами"
на каждом углу,"везде, повсюду","И все эти серпы и молоты, которые стоят на каждом углу!","И все эти серпы и молоты, которые стоят повсюду!"
на каждом шагу,"везде, повсюду","Год назад во Львов пришел враг, который в течение года цинично лжет на каждом шагу, издевается не только над руководителем города или политической силой, издевается над людьми, которые там живут","Год назад во Львов пришел враг, который в течение года цинично лжет постоянно, издевается не только над руководителем города или политической силой, издевается над людьми, которые там живут"
на каждом шагу,"везде, повсюду","«Она не любит Путина, потому что он на каждом шагу действовал умнее, чем она», — сказал Трамп в ходе телевизионных дебатов, которые прошли в Лас-Вегасе","«Она не любит Путина, потому что он постоянно действовал умнее, чем она», — сказал Трамп в ходе телевизионных дебатов, которые прошли в Лас-Вегасе"
на каждом шагу,"везде, повсюду",Огонь по ним будет открыт на каждом шагу,Огонь по ним будет открыт везде
на каждом шагу,"везде, повсюду",Мы обойдем их на каждом шагу и продержимся дольше всех,Мы обойдем их везде и продержимся дольше всех
на каждом шагу,"везде, повсюду","Там безобразие происходит, на каждом шагу там людям проблемы создают","Там безобразие происходит, везде людям создают проблемы"
на корню,"сразу, целиком","Представитель администрации президента США Дональда Трампа обвинила демократов в Конгрессе в том, что те препятствуют принятию законов, пресекающих нелегальную миграцию на корню","Представитель администрации президента США Дональда Трампа обвинила демократов в Конгрессе в том, что те препятствуют принятию законов, кардинально пресекающих нелегальную миграцию»"
на корню,"сразу, целиком","В то же время представитель Кремля отметил, что «конечно, лучше такую клевету пресекать на корню», и подчеркнул, что власти не расценивают слова генерала как угрозу насилия","В то же время представитель Кремля отметил, что «конечно, лучше такую клевету пресекать своевременно», и подчеркнул, что власти не расценивают слова генерала как угрозу насилия"
на корню,"сразу, целиком","Когда бывает действительно бессовестная клевета, которая является не чем иным, как нарушением действующего законодательства, конечно, лучше такую клевету пресекать на корню","Когда бывает действительно бессовестная клевета, которая является не чем иным, как нарушением действующего законодательства, конечно, лучше такую клевету пресекать сразу же"
на корню,"сразу, целиком","В заключении стратегии говорится, что Пентагон будет «пресекать вредоносную киберактивность на корню»","В заключении стратегии говорится, что Пентагон будет «пресекать вредоносную киберактивность на самом раннем этапе»"
на круги своя,"возвращение чего-либо или кого-либо на обычное место, к исходному положению","Судя по нашим первым впечатлениям, все возвращается на круги своя и выглядит как попытка купить время, чтобы боевики отдышались, перевели дух и пополнили свои запасы","Судя по нашим первым впечатлениям, всё возвращается к прежнему порядку и выглядит как попытка купить время, чтобы боевики отдышались, перевели дух и пополнили свои запасы"
на круги своя,"возвращение чего-либо или кого-либо на обычное место, к исходному положению","Если они дадут гарантии жизни, здоровья усыновленных российских детей, то все можно будет вернуть на круги своя","Если они дадут гарантии жизни и здоровья усыновлённых российских детей, то всё можно будет вернуть в прежнее состояние"
на круги своя,"возвращение чего-либо или кого-либо на обычное место, к исходному положению","По его словам, уже в последние дни турнира было заметно, что все возвращается на круги своя: к примеру, полиция стала грубее, потому что «может делать снова то, что всегда делает»","По его словам, уже в последние дни турнира было заметно, что всё становится, как раньше: к примеру, полиция стала грубее, потому что «может делать снова то, что всегда делает»"
на круги своя,"возвращение чего-либо или кого-либо на обычное место, к исходному положению","Есть риск, что все вернется на круги своя, и к 2030 году Украина будет снова покупать российские газ и нефть","Есть риск, что всё вернётся к прежнему порядку, и к 2030 году Украина будет снова покупать российский газ и нефть"
на нет и суда нет,"если чего-то нет, то и обсуждать это бессмысленно","Позиция президента Мутко понятна: мы сделали предложение, а на нет и суда нет","Позиция президента Мутко понятна: мы сделали предложение, а в случае отказа настаивать мы не будем"
на нет и суда нет,"если чего-то нет, то и обсуждать это бессмысленно","«Насколько я понимаю, ни у прокуратуры, ни у судебных органов претензий к Сердюкову нет, а на нет и суда нет», — заявил руководитель аппарата главы государства","«Насколько я понимаю, ни у прокуратуры, ни у судебных органов претензий к Сердюкову нет, а значит, этот вопрос полностью исчерпан», — заявил руководитель аппарата главы государства"
на одно лицо,"очень похожи, одинаковы по внешности","Для героев Брюса Уиллиса и спортивная мафия, и одинокие маньяки террористы - все на одно лицо","Для героев Брюса Уиллиса и спортивной мафии, и одиноких маньяков‑террористов — ничем не отличаются друг от друга"
на одно лицо,"очень похожи, одинаковы по внешности","Чтобы отличить одного из них от другого, ты должен быть матерым азиатским папой, потому что эти ребята все на одно лицо","Чтобы отличить одного из них от другого, ты должен быть матерым азиатским папой, потому что эти ребята все выглядят одинаково"
на поверку,"на самом деле, в действительности","Он заметил, что некоторые эпизоды стали достоянием гласности, «поскольку американцы пытались их представить как охоту на дипломатов США, но на поверку все выглядит совершенно иначе»","Он заметил, что некоторые эпизоды стали достоянием гласности, «поскольку американцы пытались их представить как охоту на дипломатов США, но в сущности всё выглядит совершенно иначе»"
на поверку,"на самом деле, в действительности",Но на поверку драгоценности оказались подделкой,Но на самом деле драгоценности оказались подделкой
на поверку,"на самом деле, в действительности","Но чаще всего, пишет Венсел, высказанные ими в ультимативной форме прогнозы на поверку оказываются ерундой","Но чаще всего, пишет Венсел, высказанные ими в ультимативной форме прогнозы в действительности оказываются ерундой"
на поверку,"на самом деле, в действительности","Во «всероссийской» стачке перевозчиков, выступающих за отмену системы «Платон», на поверку участвуют не обещанные 80, а всего около процента российских дальнобойщиков","Во «всероссийской» стачке перевозчиков, выступающих за отмену системы «Платон», фактически участвуют не обещанные 80, а всего около процента российских дальнобойщиков"
на поверку,"на самом деле, в действительности","Они ищут себя, шарахаются из стороны в сторону: то они были партией бизнеса, теперь они заявляют, что они партия среднего класса; то они говорили, что они проект Кремля и им гарантированы места в Госдуме — на поверку выяснилось, что это не так","Они ищут себя, шарахаются из стороны в сторону: то они были партией бизнеса, теперь они заявляют, что они партия среднего класса; то они говорили, что они проект Кремля и им гарантированы места в Госдуме — в конечном итоге выяснилось, что это не так"
на полную катушку,"в полной мере, в наибольшей степени, используя все имеющиеся возможности","5 апреля пресс-секретарь президента России Дмитрий Песков заявил, что после теракта в Санкт-Петербурге все силовые и правоохранительные службы «работают, что называется, на полную катушку»","5 апреля пресс‑секретарь президента России Дмитрий Песков заявил, что после теракта в Санкт‑Петербурге все силовые и правоохранительные службы работают со всей интенсивностью"
на полную катушку,"в полной мере, в наибольшей степени, используя все имеющиеся возможности","Однако актер также признал, что именно возникшая конкуренция заставляла его выкладываться на полную катушку","Однако актер также признал, что именно возникшая конкуренция заставляла его выкладываться со всей силой"
на полную катушку,"в полной мере, в наибольшей степени, используя все имеющиеся возможности","По словам представителей марки, парфюм создан для мужчин, которые привыкли жить на полную катушку, исследовать жизнь во всем ее разнообразии, а флакон в виде заряженного барабана револьвера символизирует риск, вызов, уверенность в себе","По словам представителей марки, парфюм создан для мужчин, которые привыкли жить насыщенную жизнь, исследовать жизнь во всем её разнообразии, а флакон в виде заряженного барабана револьвера символизирует риск, вызов, уверенность в себе"
на полную катушку,"в полной мере, в наибольшей степени, используя все имеющиеся возможности",А без самого Порошенко он заживет на полную катушку,А без самого Порошенко он заживет насыщенно
на седьмом небе,"очень счастливый, в состоянии блаженства","Семья была на седьмом небе от счастья из-за осознания, что теперь они могут спать спокойно","Семья была в полном восторге от осознания, что теперь они могут спать спокойно"
на седьмом небе,"очень счастливый, в состоянии блаженства","По словам мужчины, он был «на седьмом небе от счастья», однако больше всего ему хотелось бы узнать, что все эти годы делал его кот","По словам мужчины, он был невероятно счастлив, однако больше всего ему хотелось бы узнать, что все эти годы делал его кот"
на седьмом небе,"очень счастливый, в состоянии блаженства","Он был на седьмом небе от счастья, когда мы трое уделяли ему все свое внимание и гладили его","Он был очень доволен, когда мы трое уделяли ему всё своё внимание и гладили его"
на седьмом небе,"очень счастливый, в состоянии блаженства","Женщина была на седьмом небе от счастья и утверждает, что сын находится в сознании и все понимает, хоть и не может двигаться и разговаривать","Женщина была невероятно счастлива и утверждает, что сын находится в сознании и всё понимает, хоть и не может двигаться и разговаривать"
на тот свет,о собственной смерти или отправке кого-то на гибель,"И они прекрасно понимают, что кого-то убивать или заниматься терроризмом — большой грех, потому что на том свете надо отвечать за это","И они прекрасно понимают, что кого‑то убивать или заниматься терроризмом — большой грех, потому что в загробном мире придётся отвечать за это"
на тот свет,о собственной смерти или отправке кого-то на гибель,"Отмечается, что все отправленные им на тот свет пациенты были неизлечимо больны, двое находились в преклонном возрасте, поэтому их смерть тщательно не расследовалась","Отмечается, что все умерщвленные им пациенты были неизлечимо больны, двое находились в преклонном возрасте, поэтому их смерть тщательно не расследовалась"
на тот свет,о собственной смерти или отправке кого-то на гибель,"Суду также была предоставлена электронная переписка преступников, в которой они делились мыслями о том, что «людей, которые должны умереть слишком много, а тех, кто готов отправить их на тот свет — слишком мало»","Суду также была предоставлена электронная переписка преступников, в которой они делились мыслями о том, что «людей, которые должны умереть слишком много, а тех, кто готов их убить — слишком мало»"
на тот свет,о собственной смерти или отправке кого-то на гибель,"Служба безопасности Украины прокомментировала угрозы российского актера Анатолия Пашинина, участвующего в боевых действиях в Донбассе на стороне Киева, «забрать с собой на тот свет» несколько сотрудников ведомства","Служба безопасности Украины прокомментировала угрозы российского актера Анатолия Пашинина, участвующего в боевых действиях в Донбассе на стороне Киева, ликвидировать вместе с собой несколько сотрудников ведомства"
наложить на себя руки,покончить жизнь самоубийством,"Попав, по возвращении самолета в Гонолулу, в федеральную тюрьму, несостоявшийся йог обмочился и попытался наложить на себя руки, рассказал помощник прокурора США Даррен Чин","Попав, по возвращении самолёта в Гонолулу, в федеральную тюрьму, несостоявшийся йог обмочился и попытался покончить с собой, рассказал помощник прокурора США Даррен Чин"
наложить на себя руки,покончить жизнь самоубийством,"Я наложу на себя руки, если получу отказ","Я убью себя, если получу отказ"
наложить на себя руки,покончить жизнь самоубийством,"Это лица, которым преимущественно не исполнилось 30, большинство из них наложили на себя руки в состоянии алкогольного опьянения","Это лица, которым преимущественно не исполнилось 30, большинство из них совершили самоубийство в состоянии алкогольного опьянения"
наложить на себя руки,покончить жизнь самоубийством,"За несколько дней до экзамена подросток не раз говорил друзьям, что наложит на себя руки, если не сдаст экзамен","За несколько дней до экзамена подросток не раз говорил друзьям, что совершит самоубийство, если не сдаст экзамен"
наставить рога,изменить своему партнеру,"Да будет мне позволено использовать здесь аналогию с разводом и подачей заявления на развод, ведет себя как муж, которому наставили рога и который вымещает злость на детях","Да будет мне позволено использовать здесь аналогию с разводом и подачей заявления на развод, ведет себя как муж, которому изменили, и который вымещает злость на детях"
не буди во мне зверя,предупреждение не злить и не выводить из себя,"И вообще — не будите во мне зверя, вам не понравится, - отметил он","И вообще — не злите меня, вам не понравится, — отметил он"
не доводи до греха,призыв вовремя остановиться во избежание беды,"В городе Отрадном Самарской области пьяный житель, угрожая кухонным ножом, около трех минут уговаривал сотрудницу офиса микрозаймов «не доводить до греха» и отдать ему небольшую сумму денег на лекарства для ребенка","В городе Отрадном Самарской области пьяный житель, угрожая кухонным ножом, около трех минут уговаривал сотрудницу офиса микрозаймов не провоцировать на насилие и отдать ему небольшую сумму денег на лекарства для ребенка"
не на шутку,всерьез,"Другой представитель ЛГБТ-сообщества, 34-летний Аарон, не на шутку перепугался, когда узнал о действиях бывшего партнера","Другой представитель ЛГБТ‑сообщества, 34‑летний Аарон, сильно перепугался, когда узнал о действиях бывшего партнёра"
не на шутку,всерьез,"На видео, которое было снято во время дебатов по вопросу отмены реформы Obamacare, ноутбук падает с балкона на спину ничего не подозревающего Скотта, который даже подскочил от неожиданности и, скорее всего, не на шутку перепугался","На видео, которое было снято во время дебатов по вопросу отмены реформы Obamacare, ноутбук падает с балкона на спину ничего не подозревающего Скотта, который даже подскочил от неожиданности и, скорее всего, сильно перепугался"
не на шутку,всерьез,"По словам Буллен, ее не на шутку напугало «преследование» блогеров, о котором она рассказала на своем сайте","По словам Буллен, ее всерьез напугало «преследование» блогеров, о котором она рассказала на своём сайте"
не на шутку,всерьез,"Большинство пользователей пожалело обезьяну, некоторых из них происходящее не на шутку испугало","Большинство пользователей пожалело обезьяну, некоторых из них происходящее серьезно испугало"
не на шутку,всерьез,"Ребята бились не на шутку, чувствовалась их желание победить","Ребята бились с полной самоотдачей, чувствовалась их желание победить"
не найти концов,невозможно разобраться в запутанном деле или найти виновных,"Так работать дальше невозможно, не найти концов, — заявил мэр","Так работать дальше невозможно, полный хаос, — заявил мэр"
не по-детски,всерьез,"Команда очень креативная, жгут не по-детски","Команда очень креативная, демонстрирует выдающиеся результаты"
не по-детски,всерьез,"У памятника также собралось больше количество молодых людей с плакатами следующего содержания: ""Кучма, дети твои шалят не по-детски! Данилыч, поставь их в угол!"", ""Ни ""оранжевый"", ни ""голубой"", потому Кучма - наш родной!""","У памятника также собралось больше количество молодых людей с плакатами следующего содержания: ""Кучма, дети твои шалят серьезно! Данилыч, поставь их в угол!"", ""Ни «оранжевый», ни «голубой», потому Кучма — наш родной!"""
не ровен час,"выражение опасения, что может случиться беда","Галстуки нынче в цене, не ровен час… Ну вы меня понимаете","Галстуки нынче в цене, в случае чего… Ну вы меня понимаете"
не стоять на месте,"постоянно развиваться, совершенствоваться, двигаться вперед","При этом в России отрасль СПГ не стоит на месте: так, компания «Новатэк» реализует несколько проектов, наращивая поставки СПГ за рубеж, особенно в Китай","При этом в России отрасль СПГ продолжает развиваться: так, компания «Новатэк» реализует несколько проектов, наращивая поставки СПГ за рубеж, особенно в Китай"
не стоять на месте,"постоянно развиваться, совершенствоваться, двигаться вперед","Технический прогресс не стоит на месте, промышленность развивается, уровень загрязненности окружающей среды возрастает — это факт","Технический прогресс не останавливается, промышленность развивается, уровень загрязнённости окружающей среды возрастает — это факт"
не стоять на месте,"постоянно развиваться, совершенствоваться, двигаться вперед",Система органов записи актов гражданского состояния не стоит на месте,Система органов записи актов гражданского состояния продолжает развиваться
не стоять на месте,"постоянно развиваться, совершенствоваться, двигаться вперед","Но время не стоит на месте, необходимо продолжать движение вперед","Но время не останавливается, необходимо продолжать движение вперёд"
не стоять на месте,"постоянно развиваться, совершенствоваться, двигаться вперед","Мы год к году увеличиваем объемы производства сельхозпродукции, в переработке мы не стоим на месте: по перерабатывающей промышленности мы регион номер один — самое большое количество перерабатывающих предприятий находится в Московской области и традиционно кормит большую армию жителей Московской области и жителей нашей столицы","Мы год к году увеличиваем объемы производства сельхозпродукции, в переработке мы продолжаем развиваться: по перерабатывающей промышленности мы регион номер один — самое большое количество перерабатывающих предприятий находится в Московской области и традиционно кормит большую армию жителей Московской области и жителей нашей столицы"
непочатый край,"очень много, бесчисленно","Конечно, работы там непочатый край","Конечно, работы там очень много"
непочатый край,"очень много, бесчисленно","Пока меня можно поздравлять, но скоро впору и сочувствовать — работы непочатый край","Пока меня можно поздравлять, но скоро впору и сочувствовать — работы очень много"
обагрить руки кровью,"обагри́ть руки кровью (в крови), книжн. Совершить убийство или быть причастным к убийству, казни","Те, кто обагрил руки кровью украинцев, должны быть уничтожены","Те, кто совершил убийства украинцев, должны быть уничтожены"
обивать пороги,"часто, постоянно ходить куда-либо, к кому-либо с просьбами, ходатайствами ","Сколько мы ни обивали пороги различных инстанций, добиться реакции или хоть какого-то результата не получилось","Сколько мы ни обращались к различным инстанциям, добиться реакции или хоть какого‑то результата не получилось"
обивать пороги,"часто, постоянно ходить куда-либо, к кому-либо с просьбами, ходатайствами ","По их мнению, модели в Лос-Анджелесе поголовно стремятся попасть в кино и целыми днями обивают пороги киностудий","По их мнению, модели в Лос‑Анджелесе поголовно стремятся попасть в кино и целыми днями ходят по киностудиям"
обивать пороги,"часто, постоянно ходить куда-либо, к кому-либо с просьбами, ходатайствами ","Господин Рыбин в то время неоднократно обивал пороги прокуратуры, но, к сожалению, никто к его голосу не прислушивался, а теперь снова его вспомнили, и мне также это непонятно","Господин Рыбин в то время неоднократно обращался в прокуратуру, но, к сожалению, никто к его голосу не прислушивался, а теперь снова его вспомнили, и мне также это непонятно"
обивать пороги,"часто, постоянно ходить куда-либо, к кому-либо с просьбами, ходатайствами ","Однако эти проблемы решены далеко не везде, и предприниматели по-прежнему обивают пороги кабинетов","Однако эти проблемы решены далеко не везде, и предприниматели по-прежнему обращаются в инстанции"
обивать пороги,"часто, постоянно ходить куда-либо, к кому-либо с просьбами, ходатайствами ","По данным ""НГ"", это правило позволяло спикеру Совета Федерации затягивать процесс назначения неугодных ему сенаторов, в связи с чем, пишет газета, ""в предыдущие годы не один региональный назначенец месяцами бывало обивал пороги здания на Большой Дмитровке""","По данным ""НГ"", это правило позволяло спикеру Совета Федерации затягивать процесс назначения неугодных ему сенаторов, в связи с чем, пишет газета, ""в предыдущие годы не один региональный назначенец месяцами бывало регулярно посещал здание на Большой Дмитровке"""
окольными путями,"действовать скрытно, намеками или непрямыми способами",Уже после выдворения он приехал какими-то окольными путями и пошел на стадион,Уже после выдворения он скрытно приехал и пошел на стадион
окольными путями,"действовать скрытно, намеками или непрямыми способами",Испанская делегация миновала собравшуюся прессу и окольными путями покинула мадридский аэропорт,"Испанская делегация миновала собравшуюся прессу и, используя обходной путь, покинула мадридский аэропорт"
окольными путями,"действовать скрытно, намеками или непрямыми способами","Да, мы еще не вышли из зоны турбулентности и до сих пор расплачиваемся за два десятилетия блуждания окольными путями ""русского мира"", но стратегически мы с вами на правильном пути","Да, мы еще не вышли из зоны турбулентности и до сих пор расплачиваемся за два десятилетия следованию ошибочному курсу «русского мира», но стратегически мы с вами на правильном пути"
окольными путями,"действовать скрытно, намеками или непрямыми способами","Окольными путями знаю, что он не мог найти себя, не мог найти работу в Израиле и России","От косвенных источников я знаю, что он не мог найти себя, не мог найти работу в Израиле и России"
окольными путями,"действовать скрытно, намеками или непрямыми способами","В Службе безопасности Украины уверяют, что «поняв опасность, трое украинцев через московских знакомых сумели окольными путями вернуться на Родину»","В Службе безопасности Украины уверяют, что «поняв опасность, трое украинцев через московских знакомых сумели обходными маршрутами вернуться на Родину»"
окончить свои дни,умереть,"Николева, отбыв свой срок, отошла от революционной деятельности и окончила свои дни экскурсоводом музея ""Домик Лермонтова"" в Пятигорске","Николева, отбыв свой срок, отошла от революционной деятельности и провела остаток своей жизни экскурсоводом музея «Домик Лермонтова» в Пятигорске"
окончить свои дни,умереть,"Изгнанный, он отправился в странствие по Италии и окончил свои дни в 1321 году в Равенне, где его прах покоится по сей день","Изгнанный, он отправился в странствие по Италии и скончался в 1321 году в Равенне, где его прах покоится по сей день"
окончить свои дни,умереть,"Вне зависимости от исхода повторного рассмотрения, Уэстерфилд скорее всего окончит свои дни в тюрьме Сан-Квентин, поскольку на сегодняшний день в списках на пересмотр числится 612 подобных дел","Вне зависимости от исхода повторного рассмотрения, Уэстерфилд скорее всего до конца жизни будет в тюрьме Сан‑Квентин, поскольку на сегодняшний день в списках на пересмотр числится 612 подобных дел"
окончить свои дни,умереть,Монарх и глава Второй республики окончил свои дни в Англии в 1873 году и был похоронен в аббатстве святого Михаила в графстве Хэмпшир,Монарх и глава Второй республики умер в Англии в 1873 году и был похоронен в аббатстве святого Михаила в графстве Хэмпшир
окончить свои дни,умереть,"Однако очень важно честно и открыто обсуждать, как каждый из нас хочет окончить свои дни","Однако очень важно честно и открыто обсуждать, как каждый из нас хочет провести остаток своей жизни"
от ворот поворот,"категорический отказ, отрицательный ответ на просьбу, предложение","На официальной странице Барби открыто голосование пользователей, которые могут дать кукле совет: принять ли ей предложение Кена или дать ему от ворот поворот","На официальной странице Барби открыто голосование пользователей, которые могут дать кукле совет: принять ли ей предложение Кена или отвергнуть его"
от ворот поворот,"категорический отказ, отрицательный ответ на просьбу, предложение",Выпусник американской школы Скотт Томас в день получения аттестата получает от ворот поворот от своей подружки,Выпускник американской школы Скотт Томас в день получения аттестата получает отказ от своей подружки
от ворот поворот,"категорический отказ, отрицательный ответ на просьбу, предложение","А Западная Европа, которая уже и так не принимает Ил-86 (с апреля этого года), твердо решила следующим летом дать от ворот поворот другой «рабочей лошадке» российской авиации — Ту-154М","А Западная Европа, которая уже и так не принимает Ил‑86 (с апреля этого года), твердо решила следующим летом прекратить использование другой «рабочей лошадки» российской авиации — Ту‑154М"
от корки до корки,"от начала до конца, целиком","«Самоучитель от корки до корки выучил, поэтому этими фразами я и говорю», — сказал, смеясь, бывший министр спорта на пресс-конференции","«Самоучитель полностью выучил, поэтому этими фразами я и говорю», — сказал, смеясь, бывший министр спорта на пресс‑конференции"
от корки до корки,"от начала до конца, целиком","В общем-то, она не предназначена для чтения ""от корки до корки""","В общем-то, она не предназначена для чтения от начала до конца"
от корки до корки,"от начала до конца, целиком","«Что замечательно в этой книге — можно прочесть ее от корки до корки за 15-20 секунд», — рассказал Ноулс о своем шутливом произведении","«Что замечательно в этой книге — можно прочесть её полностью за 15‑20 секунд», — рассказал Ноулс о своём шутливом произведении"
от корки до корки,"от начала до конца, целиком","Готовясь к своей роли, актриса много консультировалась с католическим священником, прочла Библию от корки до корки и смотрела фильмы, в которых из женщин изгоняли бесов","Готовясь к своей роли, актриса много консультировалась с католическим священником, прочла Библию целиком и смотрела фильмы, в которых из женщин изгоняли бесов"
отвести душу,выговориться или заняться любимым делом для расслабления,Только ближе к ночи им разрешено отвести душу в местных барах,Только ближе к ночи им разрешено отдохнуть в местных барах
отвести душу,выговориться или заняться любимым делом для расслабления,"Табачный магазин становится своего рода клубом, где очень славно можно отвести душу","Табачный магазин становится своего рода клубом, где очень славно можно отдохнуть и расслабиться"
отдать полжизни,потратить много сил и времени ради кого-либо или чего-либо,"За мной — команда, которой я отдал полжизни","За мной — команда, которой я посвятил многие годы"
отслужить своё,"выйти из употребления, устареть или износиться","Гендиректор госкорпорации «Росатом» Алексей Лихачев во время спуска на воду напомнил, что предшественник «Сибири» был принят в эксплуатацию в 1977 году и уже «отслужил свой век»","Гендиректор госкорпорации «Росатом» Алексей Лихачев во время спуска на воду напомнил, что предшественник «Сибири» был принят в эксплуатацию в 1977 году и уже завершил свой срок эксплуатации"
отслужить своё,"выйти из употребления, устареть или износиться",Треть основных фондов полностью отслужили свое,Треть основных фондов полностью завершила выработали свой ресурс
отслужить своё,"выйти из употребления, устареть или износиться","Сокращение, главным образом, произошло за счет США и России, выполняющих взятые на себя обязательства по реализации Договора о мерах по дальнейшему сокращению и ограничению стратегических наступательных вооружений, а также изъятию устаревающих и отслуживших свое систем","Сокращение, главным образом, произошло за счет США и России, выполняющих взятые на себя обязательства по реализации Договора о мерах по дальнейшему сокращению и ограничению стратегических наступательных вооружений, а также изъятию устаревающих и списанных систем"
отслужить своё,"выйти из употребления, устареть или износиться",Основной частью работ стала замена отслуживших свой срок эскалаторов,"Основной частью работ стала замена эскалаторов, превысивших срок службы"
отслужить своё,"выйти из употребления, устареть или износиться","Как сообщали в Министерстве регионального развития, износ основных фондов ЖКХ в среднем по стране достигает 60-70 процентов, а треть из них полностью отслужила свое","Как сообщали в Министерстве регионального развития, износ основных фондов ЖКХ в среднем по стране достигает 60‑70 процентов, а треть из них полностью пришла в негодность"
палки в колёса,намеренно мешать кому-либо в достижении его целей,"Он слишком сильный кандидат для властей Свердловской области, они его боятся и скорей всего будут ставить ему палки в колеса","Он слишком сильный кандидат для властей Свердловской области, они его боятся и скорей всего будут ему препятствовать"
палки в колёса,намеренно мешать кому-либо в достижении его целей,"Порошенко также назвал резолюцию Фонда «сигналом агрессору», который, по словам президента, пытался «поставить палки в колеса» даже на сессии Совета управляющих МВФ","Порошенко также назвал резолюцию Фонда «сигналом агрессору», который, по словам президента, пытался заниматься саботажем даже на сессии Совета управляющих МВФ"
палки в колёса,намеренно мешать кому-либо в достижении его целей,"Президент пригрозил, что в том случае, если они не прекратят ставить ему палки в колеса, он лишит их кресел на следующих парламентских выборах","Президент пригрозил, что в том случае, если они не прекратят мешать ему, он лишит их кресел на следующих парламентских выборах"
палки в колёса,намеренно мешать кому-либо в достижении его целей,"По его мнению, сопротивление новому проекту связано с экономическими интересами конкурентов, а США стремятся «ставить палки в колеса», не проявляя солидарности с ЕС, и действуют исходя из собственных экономических интересов","По его мнению, сопротивление новому проекту связано с экономическими интересами конкурентов, а США стремятся тормохить процесс, не проявляя солидарности с ЕС, и действуют исходя из собственных экономических интересов"
палки в колёса,намеренно мешать кому-либо в достижении его целей,"Нам начали ставить палки в колеса, устраивать дополнительные проверки, давить с неожиданных сторон","Нам начали устраивать саботаж, устраивать дополнительные проверки, давить с неожиданных сторон"
палочка-выручалочка,"то, что всегда помогает, выручает","Так, члены группы ""Свобода"" утверждают, что для властей и полиции камеры стали палочкой-выручалочкой, ответной, но малополезной мерой на рост преступности","Так, члены группы «Свобода» утверждают, что для властей и полиции камеры стали универсальным средством, ответной, но малополезной мерой на рост преступности"
палочка-выручалочка,"то, что всегда помогает, выручает","Собеседник агентства рассказал, что горзаказ в условиях кризиса стал для многих компаний ""палочкой-выручалочкой"", однако свои обязательства по контрактами выполняют не все","Собеседник агентства рассказал, что горзаказ в условиях кризиса стал для многих компаний спасением, однако свои обязательства по контрактам выполняют не все"
палочка-выручалочка,"то, что всегда помогает, выручает","«Раньше нашей палочкой-выручалочкой были ""Лужники"", но они закрылись на реконструкцию», — отметил Прядкин","«Раньше нашим надёжным решением были ""Лужники"", но они закрылись на реконструкцию», — отметил Прядкин"
пальцем в небо,наугад,"Нужно работать систематизированно, а не пальцем в небо","Нужно работать систематизированно, а не наобум"
пасть смертью храбрых,героически погибнуть,"В ходе многочасового боя 84 десантника пали смертью храбрых, в живых остались только четверо","В ходе многочасового боя 84 десантника погибли героически, в живых остались только четверо"
перекрыть кислород,"лишить кого-, что-либо возможности осуществить что-либо","О чем вы говорите? Что прекратилось? Для страны прекратилось? Для страны у нас вообще все прекратилось, потому что собственная власть перекрыла кислород","О чем вы говорите? Что прекратилось? Для страны прекратилось? Для страны у нас вообще всё прекратилось, потому что собственная власть ограничила развитие страны"
перекрыть кислород,"лишить кого-, что-либо возможности осуществить что-либо","По мере наблюдения за счетами не было замечено никаких признаков мошеннических операций, что заставило бы расследователей перекрыть кислород немедленно, говорят осведомленные источники","По мере наблюдения за счетами не было замечено никаких признаков мошеннических операций, что заставило бы расследователей приостановить их немедленно, говорят осведомленные источники"
перекрыть кислород,"лишить кого-, что-либо возможности осуществить что-либо","Как заявил Закиев, лидеры чеченских боевиков обосновались в Ингушетии, поскольку на территории Чечни им ""перекрыли кислород""","Как заявил Закиев, лидеры чеченских боевиков обосновались в Ингушетии, поскольку на территории Чечни им ограничили возможности"
по горло,"сильно, до предела","Я сыт по горло тем, что люди ходят по велосипедной дорожке","Мне надоело, что люди ходят по велосипедной дорожке"
по жизни,в повседневной реальности или на протяжении всей жизни,"«Да, этот значок толком не дает никаких привилегий по жизни, но это высшая награда в спорте, и, уверен, каждый спортсмен в России мечтает ее получить! А высшая награда не может быть за восьмое место… Значок ЗМС лично для меня потерял свою ценность», — добавил он","«Да, этот значок толком не дает никаких привилегий в повседневной жизни, но это высшая награда в спорте, и, уверен, каждый спортсмен в России мечтает её получить! А высшая награда не может быть за восьмое место… Значок ЗМС лично для меня потерял свою ценность», — добавил он"
по жизни,в повседневной реальности или на протяжении всей жизни,"Но даже передачу передать — у него что, родственников нет? Родственники ходят на телевидение, плачут, а сыну элементарные личные вещи передать, положить 5-10 тысяч на лицевой счет — это же, наверное, сделать надо? У Мамаева папа сам по жизни поплавал, поэтому сразу понял, что надо сделать», — заявил Пятницкий","Но даже передачу передать — у него что, родственников нет? Родственники ходят на телевидение, плачут, а сыну элементарные личные вещи передать, положить 5-10 тысяч на лицевой счет — это же, наверное, сделать надо? У Мамаева папа сам пережил многое, поэтому сразу понял, что надо сделать», — заявил Пятницкий"
по жизни,в повседневной реальности или на протяжении всей жизни,"У меня есть возможность двигаться по жизни без людей, настаивающих на том, что вам нужно быть размером поменьше","У меня есть возможность жить и развиваться без людей, настаивающих на том, что вам нужно быть размером поменьше"
по жизни,в повседневной реальности или на протяжении всей жизни,"Мне очень жаль, что в порыве эмоций я позавчера всех ввела в заблуждение, я искала поддержку от Вас, но оклеветала людей, которые мне дороги и которые реально по жизни всегда мне помогали","Мне очень жаль, что в порыве эмоций я позавчера всех ввела в заблуждение, я искала поддержку от вас, но оклеветала людей, которые мне дороги и которые реально на протяжении всей жизни всегда мне помогали"
под шумок,"незаметно для других, пользуясь чьей-либо занятостью, суетой, суматохой","Режиссер-постановщик театра Анатолий Бейрак также отметил, что ""происходит наглый, рейдерский захват театра под шумок""","Режиссер-постановщик театра Анатолий Бейрак также отметил, что «скрытно происходит наглый, рейдерский захват театра»"
под шумок,"незаметно для других, пользуясь чьей-либо занятостью, суетой, суматохой","80 процентов тех, кто стоит за этими лицами, — те, кто под шумок хотят любой ценой, им интересно больше земли без прав, без судов, вопреки всему, просто взять и присвоить","80 процентов тех, кто стоит за этими лицами, — те, кто тайно хотят любой ценой, им интересно больше земли без прав, без судов, вопреки всему, просто взять и присвоить"
под шумок,"незаметно для других, пользуясь чьей-либо занятостью, суетой, суматохой","Сейчас под шумок Национальный банк тихонечко выплатил 455 миллионов МВФ, сейчас нам сказали, что миллиард нам дает Европа, но забыли сказать, что они требуют снять мораторий на вывоз леса-кругляка","Сейчас, на фоне других событий, Национальный банк тихонечко выплатил 455 миллионов МВФ, сейчас нам сказали, что миллиард нам дает Европа, но забыли сказать, что они требуют снять мораторий на вывоз леса‑кругляка"
поднять руку,ударить кого-либо,"На нее подняли руку, ее толкали, угрожали выломать дверь кабины пилотов","Ее ударили, ее толкали, угрожали выломать дверь кабины пилотов"
подсадная утка,"подставное лицо; лицо, заманивающее в ловушку","При этом, как отмечают авторы письма, ""факультет журналистики был использован как площадка для предвыборной встречи лидера одной из партий с 'подсадными утками', что нарушает принцип независимости Университета""","При этом, как отмечают авторы письма, ""факультет журналистики был использован как площадка для предвыборной встречи лидера одной из партий с подставными лицами, что нарушает принцип независимости Университета"""
подсадная утка,"подставное лицо; лицо, заманивающее в ловушку","Положение также запрещает обучающимся цитировать чужие мысли без ссылки на первоисточник, использовать на экзаменах ""подсадных уток"" и сдавать дважды одни и те же работы, в том числе доставшиеся по наследству от старших курсов","Положение также запрещает обучающимся цитировать чужие мысли без ссылки на первоисточник, использовать на экзаменах подставных лиц и сдавать дважды одни и те же работы, в том числе доставшиеся по наследству от старших курсов"
подсадная утка,"подставное лицо; лицо, заманивающее в ловушку","Роль подсадных уток выполняли многие, в том числе Руцкой, Жириновский, Лебедь и другие","Роль подставных лиц выполняли многие, в том числе Руцкой, Жириновский, Лебедь и другие"
подставить плечо,"оказать поддержку, помощь","Вместе с тем Минфин, по словам главы ведомства, не видит проблем с обслуживаем долгов у крупных экспортеров и «всегда готов подставить плечо»","Вместе с тем Минфин, по словам главы ведомства, не видит проблем с обслуживанием долгов у крупных экспортеров и всегда готов оказать поддержку"
подставить плечо,"оказать поддержку, помощь","Порошенко убежден в том, что переговоры будут полезны для координации действий союзников Украины, ее «надежных партнеров, которые в трудную минуту пришли и подставили плечо»","Порошенко убежден в том, что переговоры будут полезны для координации действий союзников Украины, её «надежных партнёров, которые в трудную минуту пришли и оказали поддержку»"
подставить плечо,"оказать поддержку, помощь","Никто не подставил плечо, не разделил ответственность, хотя громких слов с разных трибун было сказано много","Никто не оказал поддержку, не разделил ответственность, хотя громких слов с разных трибун было сказано много"
подставить плечо,"оказать поддержку, помощь","Я думаю, каждый одессит подставит плечо, а Институт сухопутных войск вернется в Одессу","Я думаю, каждый одессит окажет поддержку, а Институт сухопутных войск вернётся в Одессу"
подставить плечо,"оказать поддержку, помощь",Вместо привлечения частного финансирования мы подставили плечо для реализации этого проекта и выделили средства ФНБ,Вместо привлечения частного финансирования мы оказали поддержку для реализации этого проекта и выделили средства ФНБ
поехать крышей,"обезуметь, потерять рассудок","В ответ на предложение МИДа Полонский разместил письмо главе министерства Сергею Лаврову, в котором предположил, что у министра «поехала крыша»","В ответ на предложение МИДа Полонский разместил письмо главе министерства Сергею Лаврову, в котором предположил, что министр обезумел"
поехать крышей,"обезуметь, потерять рассудок","От попыток найти способ убрать это из своей жизни у него, должно быть, поехала крыша","От попыток найти способ убрать это из своей жизни у него, должно быть, он потерял рассудок"
поймать на слове,заставить кого-либо сделать обещанное или подтвердить сказанное,"Ранее Пиццолато намекнул в своем твиттере, что во втором сезоне одним из главных героев может быть женщина, однако затем удалил твит — как объяснил сам сценарист, он не хочет быть пойманным на слове, если вдруг передумает","Ранее Пиццолато намекнул в своем твиттере, что во втором сезоне одним из главных героев может быть женщина, однако затем удалил твит — как объяснил сам сценарист, он не хочет он не хочет давать преждевременные обещания, если вдруг передумает"
пойти навстречу,"отзываться на чьи-либо нужды, интересы, оказывать содействие",Тэй призвал рестораны отказаться от этой практики и пойти навстречу именинникам,Тэй призвал рестораны отказаться от этой практики и оказать содействие именинникам
пойти навстречу,"отзываться на чьи-либо нужды, интересы, оказывать содействие","Изначально этих аэропортов в проекте не было, но мы пошли навстречу пожеланиям — расширили число участников и дали время местным общественным палатам на формирование первичных списков имен-претендентов","Изначально этих аэропортов в проекте не было, но мы учли пожелания — расширили число участников и дали время местным общественным палатам на формирование первичных списков имен-претендентов"
пойти навстречу,"отзываться на чьи-либо нужды, интересы, оказывать содействие","Конечно, оргкомитет конкурса не мог не пойти навстречу пожеланиям и расширил число участников","Конечно, оргкомитет конкурса не мог не учесть пожелания и расширил число участников"
пойти навстречу,"отзываться на чьи-либо нужды, интересы, оказывать содействие","Клубы лиги пошли навстречу «Анжи», позволив команде получить деньги за телевизионные права на несколько месяцев вперед","Клубы лиги оказали поддержку «Анжи», позволив команде получить деньги за телевизионные права на несколько месяцев вперед"
пойти навстречу,"отзываться на чьи-либо нужды, интересы, оказывать содействие",Однако сотрудники аэропорта пошли навстречу взбунтовавшимся туристам и извлекли две тонны дуриана из грузового отсека самолета,Однако сотрудники аэропорта уступили требованиям взбунтовавшимся туристам и извлекли две тонны дуриана из грузового отсека самолета
показать кузькину мать,"жестоко наказать, проучить или пригрозить силой",В ходе разговора советский политик пообещал «показать кузькину мать»,В ходе разговора советский политик пообещал применить силу
показать кузькину мать,"жестоко наказать, проучить или пригрозить силой","Всем, кто поднимет руку против народа и единства Грузии, мы покажем кузькину мать","Всем, кто поднимет руку против народа и единства Грузии, мы дадим решительный отпор"
покончить с собой,совершить самоубийство,"Он ворвался в церковь во время дневной службы и стал стрелять в молившихся, после чего покончил с собой прямо на алтаре","Он ворвался в церковь во время дневной службы и стал стрелять в молившихся, после чего совершил самоубийство прямо на алтаре"
покончить с собой,совершить самоубийство,"Юноша решил, что не хочет жить, и заперся в кабинете, чтобы покончить с собой","Юноша решил, что не хочет жить, и заперся в кабинете, чтобы совершить самоубийство"
покончить с собой,совершить самоубийство,"Мужчина рассказал, что испытывал желание покончить с собой, и ему необходима поддержка","Мужчина рассказал, что испытывал желание совершить суицид, и ему необходима поддержка"
покончить с собой,совершить самоубийство,Ученик пришел с ножом в одну из школ в районе Жулебино на юго-востоке Москвы и угрожает покончить с собой,Ученик пришел с ножом в одну из школ в районе Жулебино на юго-востоке Москвы и угрожает совершить суицид
полетели головы,массовые увольнения или суровые наказания со стороны руководства,"«У ребят, которые могли там дальше по пещерам прятаться, полетят головы», — сказал парламентарий, комментируя информацию о приведении войск национальной гвардии на Северном Кавказе в повышенную боевую готовность","«Для ребят, которые могли там дальше по пещерам прятаться, ожидаются серьезные последствия», — сказал парламентарий, комментируя информацию о приведении войск национальной гвардии на Северном Кавказе в повышенную боевую готовность"
полетели головы,массовые увольнения или суровые наказания со стороны руководства,"Владелец компании отметил, что у него секретарем работает русская, и она сказала, что в России за подобный ляп давно бы полетели головы","Владелец компании отметил, что у него секретарем работает русская, и она сказала, что России за подобный ляп давно бы всех поувольняли"
поливать грязью,"клеветать, злословить, незаслуженно порочить чье-то имя","А если мы будем выпячивать пещерный национализм вперед, поливать грязью представителей других этносов, мы развалим страну, в чем не заинтересован русский народ","А если мы будем выпячивать пещерный национализм вперед, оскорблять представителей других этносов, мы развалим страну, в чем не заинтересован русский народ"
поливать грязью,"клеветать, злословить, незаслуженно порочить чье-то имя","Удивлен, читая комментарии, как люди поливают грязью человека, столько вложившего в развитие спорта в своей стране, Катя однозначно не заслужила такого","Удивлен, читая комментарии, как люди оскорбляют человека, столько вложившего в развитие спорта в своей стране, Катя однозначно не заслужила такого"
поливать грязью,"клеветать, злословить, незаслуженно порочить чье-то имя","Он подчеркнул, что, несмотря на подобные высказывания, певицу не будут «поливать грязью»","Он подчеркнул, что, несмотря на подобные высказывания, репутацию певицы не будутпорочить"
положа руку на сердце,"совершенно откровенно, искренне, чистосердечно","Положа руку на сердце, если пара плохих фото — это все, что у вас есть, я очень встревожен","Говоря откровенно, если пара плохих фото — это всё, что у вас есть, я очень встревожен"
положа руку на сердце,"совершенно откровенно, искренне, чистосердечно","Положа руку на сердце, он побил меня, - сказал 26-летний Медина","Говоря честно, он побил меня, — сказал 26‑летний Медина"
положа руку на сердце,"совершенно откровенно, искренне, чистосердечно","А вот если бой и пятого июля отменится, мы тогда такие протесты в WBA подадим! Скажу, положа руку на сердце, у меня совершенно нет уверенности, что 5 июля бой состоится","А вот если бой и пятого июля отменится, мы тогда такие протесты в WBA подадим! Скажу со всей откровенностью: у меня совершенно нет уверенности, что 5 июля бой состоится"
попасться на глаза,случайно привлечь к себе чьё-нибудь внимание,"Колумбийка по имени Йеми (Yeimy) и ее любовник Хесус Барриос (Jesús Barrios) из города Барранкилья скрывали свой роман больше года, пока во вторник, 25 сентября, не попались на глаза мужу изменщицы","Колумбийка по имени Йеми (Yeimy) и её любовник Хесус Барриос (Jesús Barrios) из города Барранкилья скрывали свой роман больше года, пока во вторник, 25 сентября, не были пойманы мужем изменщицы"
попасться на глаза,случайно привлечь к себе чьё-нибудь внимание,"Одна из статей попалась на глаза Вики Аллен  — той самой девушке, которая бросила его много лет назад","Одну из статей случайно нашла Вики Аллен — та самая девушка, которая бросила его много лет назад"
попасться на глаза,случайно привлечь к себе чьё-нибудь внимание,"По ее словам, однажды она попалась на глаза актрисе и сценаристке Тине Фей","По её словам, однажды она оказалась замечена актрисой и сценаристкой Тиной Фей"
попасться на глаза,случайно привлечь к себе чьё-нибудь внимание,"Глава кафедры биологии колледжа в расположенном неподалеку городе Барнагар профессор Сиддики отметил, что грызуну очень повезло попасться на глаза фермеру именно сейчас, пока корни сои не достигли мозга","Глава кафедры биологии колледжа в расположенном неподалеку городе Барнагар профессор Сиддики отметил, что грызуну очень повезло быть замеченным фермером именно сейчас, пока корни сои не достигли мозга"
попасться на глаза,случайно привлечь к себе чьё-нибудь внимание,Отзыв попался на глаза владельцу ресторана,Отзыв был замечен владельцем ресторана
попасться под руку,"случайно оказаться доступным, найденным или использованным","Окил Айембеков якобы пытался разнять дерущихся, однако в итоге сам ввязался в драку и ударил Назарова «попавшимся под руку металлическим предметом»","Окил Айембеков якобы пытался разнять дерущихся, однако в итоге сам ввязался в драку и ударил Назарова случайно оказавшимся рядом металлическим предметом"
попасться под руку,"случайно оказаться доступным, найденным или использованным","По словам задержанного, он поругался с хозяином дома в Выстовке и задушил его попавшейся под руку проволокой","По словам задержанного, он поругался с хозяином дома в Выстовке и задушил его случайно найденной проволокой"
попасться под руку,"случайно оказаться доступным, найденным или использованным","В декабре в Барнауле посетитель секс-шопа прогнал грабителя, использовав в драке попавшиеся под руку товары","В декабре в Барнауле посетитель секс‑шопа прогнал грабителя, использовав в драке оказавшиеся поблизости товары"
поставить на ноги,"устроить, организовать, развить; вызвать суматоху","Васильева добавила, что у нее с Сердюковым была договоренность, что она «поставит на ноги» убыточные компании министерства и уйдет из ведомства","Васильева добавила, что у неё с Сердюковым была договорённость, что она восстановит убыточные компании министерства и уйдёт из ведомства"
поставить на ноги,"устроить, организовать, развить; вызвать суматоху",С первых минут задержания активисты в Москве поставили на ноги все СМИ и правозащитников,С первых минут задержания активисты в Москве вызвали ажиотаж среди всех СМИ и правозащитников
поставить на ноги,"устроить, организовать, развить; вызвать суматоху","«Если некоторые политики не особенно счастливы от того, что мы отправляемся с чемпионатом мира в Россию, то я всегда им говорю: ""Что ж, оставайтесь тогда дома, а мы в России поставим на ноги самый большой чемпионат мира по футболу""», — сказал Блаттер","«Если некоторые политики не особенно счастливы от того, что мы отправляемся с чемпионатом мира в Россию, то я всегда им говорю: ""Что ж, оставайтесь тогда дома, а мы в России организуем самый большой чемпионат мира по футболу""», — сказал Блаттер"
поставить на уши,"вызвать переполох, сильное волнение, суматоху",Город реально поставили на уши,Город реально ошеломили
поставить на уши,"вызвать переполох, сильное волнение, суматоху",Премьер-министр России Михаил Фрадков призвал поставить на уши неэффективных недропользователей,Премьер-министр России Михаил Фрадков призвал привлечь к ответственности неэффективных недропользователей
поставить на уши,"вызвать переполох, сильное волнение, суматоху",Эта новость сама по себе поставила на уши,Эта новость сама по себе вызвала бурную реакцию
почивать на лаврах,"наслаждаться достигнутым успехом, бездельничать","Он также отметил, что спортивному руководству страны после доклада WADA не нужно «хихикать и почивать на лаврах»","Он также отметил, что спортивному руководству страны после доклада WADA не нужно «хихикать и расслабляться»"
почивать на лаврах,"наслаждаться достигнутым успехом, бездельничать","Принятие того, что ""победа — это победа"", игнорирует важную информацию о результативности победы, заставляя тех, кто проиграл с незначительным разрывом, слишком остро реагировать на поражение, а тех, кто выиграл, — почивать на лаврах","Принятие того, что «победа — это победа», игнорирует важную информацию о результативности победы, заставляя тех, кто проиграл с незначительным разрывом, слишком остро реагировать на поражение, а тех, кто выиграл, — расслабляться"
почивать на лаврах,"наслаждаться достигнутым успехом, бездельничать","Кончаловский уже давно мог почивать на лаврах, но вместо этого ведет постоянный диалог с современностью","Кончаловский уже давно мог бы уйти на заслуженный отдых, но вместо этого ведет постоянный диалог с современностью"
почивать на лаврах,"наслаждаться достигнутым успехом, бездельничать",Мы не должны успокоиться и почивать на лаврах,Мы не должны успокоиться и довольствоваться достигнутым
почивать на лаврах,"наслаждаться достигнутым успехом, бездельничать","Я считаю, что общественность поддержала нашу двухлетнюю политику «абэномики», но это не значит, что мы можем почивать на лаврах","Я считаю, что общественность поддержала нашу двухлетнюю политику «абэномики», но это не значит, что мы можем останавливаться на достигнутом"
прибрать к рукам,"присвоить, самовольно забрать себе","В этих условиях, когда власти пытаются прибрать к рукам армию, телевидение, мы не считаем возможным дискуссию в парламентских стенах и приостанавливаем свою работу","В этих условиях, когда власти пытаются подчинить армию, телевидение, мы не считаем возможным дискуссию в парламентских стенах и приостанавливаем свою работу"
прибрать к рукам,"присвоить, самовольно забрать себе","По мнению мэра, активность правоохранительных органов связана с ""желанием прибрать к рукам предприятие""","По мнению мэра, активность правоохранительных органов связана с желанием присвоить себе предприятие"
прибрать к рукам,"присвоить, самовольно забрать себе","По сюжету картины команда героев вступает в борьбу со злодеями, пытающимися прибрать к рукам силу, способную уничтожить Вселенную","По сюжету картины команда героев вступает в борьбу со злодеями, пытающимися заполучить силу, способную уничтожить Вселенную"
прибрать к рукам,"присвоить, самовольно забрать себе","Мы понимаем, что начата кампания по политическим мотивам против наших сторонников, и они [представители нового руководства] хотят прибрать к рукам все ветви власти, - сказал он","Мы понимаем, что начата кампания по политическим мотивам против наших сторонников, и они [представители нового руководства] хотят захватить все ветви власти, — сказал он"
принимать в штыки,принимать с крайней враждебностью,Тут жители все такие нововведения воспринимают в штыки,Тут жители все такие нововведения воспринимают с резкой критикой
принимать в штыки,принимать с крайней враждебностью,Жалобы граждан пенсионерка воспринимает в штыки,На жалобы граждан пенсионерка реагирует негативно
принимать в штыки,принимать с крайней враждебностью,"Почему, если часть людей в России болеет за Макгрегора, их должны воспринимать в штыки? Кому-то нравится этот спортсмен — пожалуйста","Почему, если часть людей в России болеет за Макгрегора, их должны осуждать? Кому‑то нравится этот спортсмен — пожалуйста"
принимать в штыки,принимать с крайней враждебностью,"Старший брат складывающуюся ситуацию воспринимает как должное несмотря на то, что некоторые действия отца кажутся ему абсолютно неприемлемыми, младший, напротив, принимает в штыки любое слово вновь обретенного родителя","Старший брат складывающуюся ситуацию воспринимает как должное несмотря на то, что некоторые действия отца кажутся ему абсолютно неприемлемыми, младший, напротив, категорически отвергает любое слово вновь обретенного родителя"
принимать за чистую монету,считать ложь правдой,"Если вы принимаете за чистую монету любое кино, особенно высокобюджетное, то совершаете большую ошибку","Если вы считаете правдой любое кино, особенно высокобюджетное, то совершаете большую ошибку"
принимать за чистую монету,считать ложь правдой,"Оформление этой страницы полностью заимствовано у моей личной страницы в сети ""ВКонтакте""… Возможно, обнаруживая сходство, люди с большей готовностью принимают за чистую монету весь бред, который размещает в сети некто, выдающий себя за Дмитрия Киселева","Оформление этой страницы полностью заимствовано у моей личной страницы в сети «ВКонтакте»… Возможно, обнаруживая сходство, люди с большей готовностью принимают без сомнений весь бред, который размещает в сети некто, выдающий себя за Дмитрия Киселева"
принимать за чистую монету,считать ложь правдой,"Теперь юристы заявляют, что обвинения певца ""не стоит принимать за чистую монету""","Теперь юристы заявляют, что обвинения певца не следует считать правдивыми"
принимать за чистую монету,считать ложь правдой,"В то же время официозная китайская англоязычная газета The Global Times в редакционной колонке обвинила западных журналистов в том, что они принимают за чистую монету анонимные призывы к протестам в интернете и даже ""фабрикуют новости"" о протестах в Китае","В то же время официозная китайская англоязычная газета The Global Times в редакционной колонке обвинила западных журналистов в том, что они безоговорочно верят анонимным призывам к протестам в интернете и даже «фабрикуют новости» о протестах в Китае"
протягивать руку помощи,"помогать, оказывать содействие","Он также призвал мусульман проявлять милосердие друг к другу, протягивать руку помощи нуждающимся, утешать обездоленных","Он также призвал мусульман проявлять милосердие друг к другу, оказывать помощь нуждающимся, утешать обездоленных"
протянуть ноги,умереть,"Между тем еще в апреле прошлого года Уоллес заявил, что не намерен увольняться из ""60 минут"" до тех пор, пока ""не протянет ноги""","Между тем еще в апреле прошлого года Уоллес заявил, что не намерен увольняться из «60 минут» до тех пор, пока не умрет"
проходной двор,"место, организация, куда можно свободно войти и выйти (неодобрительно)","Многоквартирный дом не должен превращаться в территорию с неограниченным доступом, мы должны в первую очередь думать о собственных гражданах, жильцах","Многоквартирный дом не должен превращаться в место, где люди лишь проходят мимо, мы должны в первую очередь думать о собственных гражданах, жильцах"
проходной двор,"место, организация, куда можно свободно войти и выйти (неодобрительно)","Сахалинская область — не проходной двор, а стратегически важная для страны территория","Сахалинская область — не просто один из регионов, а стратегически важная для страны территория"
прыгать до потолка,"быть в приподнятом, радостном настроении","Автор письма призналась, что была очень рада получить ответ и «прыгала до потолка от радости»","Автор письма призналась, что была очень рада получить ответ и была в полном восторге"
прыгнуть выше головы,делать больше своих объективных возможностей,Здесь она попыталась прыгнуть выше головы — не получилось,"Здесь она попыталась сделать то, что превышает её возможности — не получилось"
прыгнуть выше головы,делать больше своих объективных возможностей,"Она не пыталась мне ничего доказать и не играла, стараясь прыгнуть выше головы","Она не пыталась мне ничего доказать и не играла, стараясь действовать сверх своих возможностей"
пускать пыль в глаза,"отвлекать, создавать ложное впечатление","Во вторник Белый дом ответил на обвинения бывшего вице-президента США Альберта Гора и назвал его лицемером, пускающим пыль в глаза ради упоминания в СМИ","Во вторник Белый дом ответил на обвинения бывшего вице-президента США Альберта Гора и назвал его лицемером, вводящим общественность в заблуждение ради упоминания в СМИ"
развязывать руки,"предоставлять полную свободу в действиях, поступках","Таким образом правительство развязывает руки банкам, давая им возможность активнее кредитовать экономику","Таким образом правительство предоставляет свободу действий банкам, давая им возможность активнее кредитовать экономику"
развязывать руки,"предоставлять полную свободу в действиях, поступках","Российский бизнесмен Борис Березовский в интервью израильскому информагентству ""Курсор"" заявил, что недавнее интервью Владимира Гусинского еженедельнику ""The Marker"" в своем роде ""развязывает руки Путину для расправы над Ходорковским""","Российский бизнесмен Борис Березовский в интервью израильскому информагентству «Курсор» заявил, что недавнее интервью Владимира Гусинского еженедельнику «The Marker» в своём роде даёт Путину возможность расправиться над Ходорковским"
развязывать руки,"предоставлять полную свободу в действиях, поступках","При этом власть поощряет эти противоправные действия, развязывая руки бандитам, нападающим на реальную оппозицию, которая обладает поддержкой значительной части общества","При этом власть поощряет эти противоправные действия, обеспечивая безнаказанность бандитам, нападающим на реальную оппозицию, которая обладает поддержкой значительной части общества"
разорвать в клочья,уничтожить что-либо; сокрушительно победить кого-либо,"Медведев пригласил бывшего президента, чтобы посмотреть на «разорванную в клочья российскую экономику»","Медведев пригласил бывшего президента, чтобы посмотреть на ""полностью разрушенную российскую экономику"""
разорвать в клочья,уничтожить что-либо; сокрушительно победить кого-либо,"В начале 2015 года президент США Барак Обама в обращении к Конгрессу заявил, что из-за международных санкций экономика России «разорвана в клочья»","В начале 2015 года президент США Барак Обама в обращении к Конгрессу заявил, что из‑за международных санкций экономика России полностью разрушена"
рано или поздно,"когда-нибудь, неизбежно",Они придут за мной рано или поздно,Они придут за мной когда-нибудь
рано или поздно,"когда-нибудь, неизбежно","Рано или поздно мы все равно умрем, так что лучше осуществить продажу до того, как это случится","Когда-нибудь мы всё равно умрём, так что лучше осуществить продажу до того, как это случится"
рано или поздно,"когда-нибудь, неизбежно","Этот процесс не может протекать вечно, так как интенсивная аккреция материала рано или поздно приводит к превышению предела Чандрасекара","Этот процесс не может протекать вечно, так как интенсивная аккреция материала неизбежно приводит к превышению предела Чандрасекара"
резать по живому,"принимать болезненные меры, задевающие чьи-то интересы","«Если бы мы этого не сделали, мы бы в текущем году вынуждены были бы сокращать расходы федерального бюджета, резать по живому», — резюмировал Силуанов","«Если бы мы этого не сделали, мы бы в текущем году вынуждены были бы сокращать расходы федерального бюджета, урезать самые необходимые статьи», — резюмировал Силуанов"
с глазу на глаз,"наедине, без свидетелй","Ранее представитель Кремля сообщил, что формат беседы двух лидеров еще согласуется, однако возможность беседы с глазу на глаз не исключена","Ранее представитель Кремля сообщил, что формат беседы двух лидеров еще согласуется, однако возможность личной встречи не исключена"
с глазу на глаз,"наедине, без свидетелй",Мне даже не дали шансов с глазу на глаз обосновать свою невиновность,Мне даже не дали шансов конфиденциально обосновать свою невиновность
с глазу на глаз,"наедине, без свидетелй","Действительно, мы не исключаем, что если будет подтверждена предварительная договоренность, предварительное понимание, сначала состоится встреча двух президентов Путина и Трампа с глазу на глаз","Действительно, мы не исключаем, что если будет подтверждена предварительная договорённость, предварительное понимание, сначала состоится личная встреча двух президентов Путина и Трампа"
с глазу на глаз,"наедине, без свидетелй",Бывший президент России Борис Ельцин предлагал американскому коллеге Биллу Клинтону встретиться в уединенном месте и обсудить кризис в Косове с глазу на глаз,Бывший президент России Борис Ельцин предлагал американскому коллеге Биллу Клинтону встретиться в уединённом месте и обсудить кризис в Косове в личной беседе
с головы до ног,"полностью, целиком; по всему телу","Тело моего сына было покрыто синяками, с головы до ног",Тело моего сына было полностью покрыто синяками
с головы до ног,"полностью, целиком; по всему телу","На кадрах видно, как сам автор и его подруга безуспешно пытаются залить себе в рот пиво, молоко, колу и даже жидкость для полоскания рта, обливаясь с головы до ног","На кадрах видно, как сам автор и его подруга безуспешно пытаются залить себе в рот пиво, молоко, колу и даже жидкость для полоскания рта, обливая всё тело"
с головы до ног,"полностью, целиком; по всему телу","Охранник осмотрел меня с головы до ног и сказал, что я слишком толстая, он испортил мне день рождения","Охранник осмотрел меня полностью и сказал, что я слишком толстая, он испортил мне день рождения"
с головы до ног,"полностью, целиком; по всему телу","На фотографиях видно, что девушка в крови и грязи с головы до ног","На фотографиях видно, что девушка полностью в крови и грязи"
с копейками,немногим более указанной величины,Из них где-то 130 тысяч — нарезных и около 800 тысяч с копейками — гладкоствольных,Из них где-то 130 тысяч — нарезных и около 800 тысяч с небольшим — гладкоствольных
с подачи,"по чьей-либо инициативе, рекомендации","С подачи Магуайра картинка стала вирусной, ей поделились 32 тысячи человек","Благодаря Магуайру картинка стала вирусной, ей поделились 32 тысячи человек"
с подачи,"по чьей-либо инициативе, рекомендации","Слава о ее прическе распространилась за пределами России: так, в марте этого года фотографии с прической политика стали вирусными с подачи австралийской журналистки, пораженной ее укладкой","Слава о её прическе распространилась за пределами России: так, в марте этого года фотографии с прической политика стали вирусными благодаря австралийской журналистке, поражённой её укладкой"
с подачи,"по чьей-либо инициативе, рекомендации","Он так и не смог внятно ответить на прямой вопрос относительно того, собирается или нет Симеон покидать УПЦ ради карьеры в религиозной структуре, создаваемой с подачи Константинополя","Он так и не смог внятно ответить на прямой вопрос относительно того, собирается или нет Симеон покидать УПЦ ради карьеры в религиозной структуре, создаваемой по инициативе Константинополя"
сами с усами,не хуже и не глупее других,"Может быть, под знаком того, что не нужно в наши дела соваться, мы сами с усами, такой вопрос и встанет на нервной почве","Может быть, под знаком того, что не нужно в наши дела соваться, мы сами разберемся, такой вопрос и встанет на нервной почве"
свести на нет,"неудачными, неумелыми действиями лишать всякого смысла, значения какое-либо дело",Восстановление объемов мировой торговли может быть сведено на нет новыми торговыми ограничениями,Восстановление объемов мировой торговли может быть полностью нивелировано новыми торговыми ограничениями
свести на нет,"неудачными, неумелыми действиями лишать всякого смысла, значения какое-либо дело","Так он решил свести на нет скандал с провокационной картиной, изображающей президента","Так он решил загладить скандал с провокационной картиной, изображающей президента"
свести на нет,"неудачными, неумелыми действиями лишать всякого смысла, значения какое-либо дело","Восстановление экономики проходит не так гладко, как хотелось бы, говорит и коррекция ВВП в III квартале (вырос на 1,8 процента после 2,5 процента во II квартале), и сильное снижение индекса базовых видов экономической деятельности (рассчитывается аналитиками ВШЭ) во втором полугодии 2017 года, которое свело на нет весь рост первого полугодия","Восстановление экономики проходит не так гладко, как хотелось бы, говорит и коррекция ВВП в III квартале (вырос на 1,8 процента после 2,5 процента во II квартале), и сильное снижение индекса базовых видов экономической деятельности (рассчитывается аналитиками ВШЭ) во втором полугодии 2017 года, которое нивелировало весь рост первого полугодия"
свет не видывал,что-то исключительно редкое и удивительное,"И раскочегарилась за счет своего хода такой рекламой, какой доселе свет не видывал","И раскочегарилась за счет своего хода такой рекламой, какой доселе никто не видел"
своим чередом,"нормально, в обычном темпе, естественным путем","Происходит сбор дополнительных документов, здесь все идет своим чередом","Происходит сбор дополнительных документов, здесь всё происходит в обычном порядке"
своим чередом,"нормально, в обычном темпе, естественным путем","По его мнению, этот процесс будет идти своим чередом","По его мнению, этот процесс будет происходить естественным образом"
своим чередом,"нормально, в обычном темпе, естественным путем","В 2015 году фотограф уже делал аналогичную съемку и публиковал кадры в своем Facebook с пояснением: «Жизнь идет своим чередом, понемногу»","В 2015 году фотограф уже делал аналогичную съемку и публиковал кадры в своем Facebook с пояснением: «Жизнь идет в обычном ритме, понемногу»"
своим чередом,"нормально, в обычном темпе, естественным путем","По его словам, «в виртуальной ""Автономной Республике Крым"" жизнь идет своим чередом»","По его словам, «в виртуальной ""Автономной Республике Крым"" жизнь продолжается как обычно»"
связать по рукам и ногам,"лишать возможности свободно действовать, поступать как-либо","Защиту связали по рукам и ногам, закрыли глаза — не ознакомили с секретным законодательством, в нарушении которого обвиняется мой подзащитный, отклонили все ходатайства","Защиту полностью ограничили, закрыли глаза — не ознакомили с секретным законодательством, в нарушении которого обвиняется мой подзащитный, отклонили все ходатайства"
сдувать пылинки,бережно относиться к кому-то или чему-т,"Мы понимаем высокий профессионализм сотрудников Музея Кино, которые сдували пылинки с архивов, находящихся в их распоряжении","Мы понимаем высокий профессионализм сотрудников Музея Кино, которые трепетно оберегали архивы, находящиеся в их распоряжении"
слова на ветер,"сказанное впустую, необдуманно или безответственно","«И я не бросаю слов на ветер», — написала певица","«И я не говорю попусту», — написала певица"
слова на ветер,"сказанное впустую, необдуманно или безответственно","Песков добавил, что «люди знают, что если глава государства говорит, что ему понятно, куда идти и как идти, то он не бросает слов на ветер»","Песков добавил, что «люди знают, что если глава государства говорит, что ему понятно, куда идти и как идти, то он всегда выполняет обещания»"
сложить голову,погибнуть,Здесь бесславно сложили головы сотрудники лучших спецслужб мира,Здесь бесславно погибли сотрудники лучших спецслужб мира
сложить голову,погибнуть,"Парень, уверовав, что папа сложил голову выполняя ответственное шпионское задание, принимает предложение и попадает в подготовительный центр ЦРУ, именуемый в народе ""Фермой""","Парень, уверовав, что папа погиб, выполняя ответственное шпионское задание, принимает предложение и попадает в подготовительный центр ЦРУ, именуемый в народе «Ферма»"
сложить голову,погибнуть,"Жители Британских островов, славящиеся своей любовью к животным, решили увековечить память наших братьев меньших, принявших участие в вооруженных конфликтах и сложивших головы на поле брани","Жители Британских островов, славящиеся своей любовью к животным, решили увековечить память наших братьев меньших, принявших участие в вооруженных конфликтах и погибших на поле брани"
снять последнюю рубашку,"разориться, остаться ни с чем","Посылки должны были показать канцлеру, что проводимая им налоговая политика заставит немцев в буквальном смысле снять последнюю рубашку","Посылки должны были показать канцлеру, что проводимая им налоговая политика заставит немцев полностью разориться"
сойти с ума,потерять способность мыслить ясно,"Я сейчас первый раз его включила посмотреть, какая реакция, что там происходит… Мне кажется, что люди сошли с ума","Я сейчас первый раз его включила посмотреть, какая реакция, что там происходит… Мне кажется, что люди обезумели"
сойти с ума,потерять способность мыслить ясно,"Люди слегка сошли с ума, когда увидели деньги","Люди слегка потеряли рассудок, когда увидели деньги"
соль земли,"избранные люди, лучшие представители человеческого общества","«А женщина — это основа основ, соль земли», — объяснил выбор подарка атаман Поляков","«А женщина — это основа основ, самые важные люди», — объяснил выбор подарка атаман Поляков"
сослужить плохую службу,принести вред вместо пользы,"Магнитное поле Земли защищает людей на ее поверхности, а также на МКС, но ослабление активности Солнца может сослужить плохую службу тем, кто отправляется за пределы земной орбиты, убеждены американские ученые","Магнитное поле Земли защищает людей на её поверхности, а также на МКС, но ослабление активности Солнца может принести неблагоприятные последствия тем, кто отправляется за пределы земной орбиты, убеждены американские учёные"
сослужить плохую службу,принести вред вместо пользы,"Он отметил, что «введение ненаказуемого превышения скорости до 20 километров в час сослужило плохую службу»","Он отметил, что «введение ненаказуемого превышения скорости до 20 километров в час оказалось вредным»"
сплошь и рядом,"очень часто, почти всегда, повсеместно",Какие-то рассуждения — они сплошь и рядом появляются,Какие‑то рассуждения — они появляются везде
сплошь и рядом,"очень часто, почти всегда, повсеместно","«Мы вели себя наивно раньше, а теперь мы видим, что правила ВТО сплошь и рядом нарушаются, ограничения идут по политическим соображениям, которые называют санкциями","«Мы вели себя наивно раньше, а теперь мы видим, что правила ВТО нарушаются повсеместно, ограничения идут по политическим соображениям, которые называют санкциями»"
сплошь и рядом,"очень часто, почти всегда, повсеместно",В нашей стране это вообще сплошь и рядом,В нашей стране это вообще везде
сплошь и рядом,"очень часто, почти всегда, повсеместно",В Великобритании подобные ситуации происходят сплошь и рядом,В Великобритании подобные ситуации происходят повсеместно
сплошь и рядом,"очень часто, почти всегда, повсеместно","И в Лондоне, и в Пекине такое было сплошь и рядом","И в Лондоне, и в Пекине такое происходило повсеместно"
сровнять с землёй,"уничтожить, разрушить до основания",Взрыв практически сровнял с землей один дом и причинил повреждения еще 24 другим строениям,Взрыв практически полностью разрушил один дом и причинил повреждения ещё 24 другим строениям
сровнять с землёй,"уничтожить, разрушить до основания",Неделей ранее Толстых пообещал сровнять с землей города на Украине в отместку за гибель своего боевого товарища Арсения Павлова (позывной Моторола),Неделей ранее Толстых пообещал уничтожить города на Украине в отместку за гибель своего боевого товарища Арсения Павлова (позывной Моторола)
старо как мир,"о том, что давно известно, не ново","«Что касается самого метода инсценировки убийства — этот метод стар как мир», — сказал парламентарий","«Что касается самого метода инсценировки убийства — этот метод существует очень давно», — сказал парламентарий"
стереть с лица земли,"уничтожить, разрушить до основания","В ноябре 2017 года украинский генерал Александр Кузьмук заявил, что для восстановления территориальной целостности Украины армии придется стереть с лица земли Донецк, Луганск, Горловку и другие крупные города Донбасса","В ноябре 2017 года украинский генерал Александр Кузьмук заявил, что для восстановления территориальной целостности Украины армии придется полностью уничтожить Донецк, Луганск, Горловку и другие крупные города Донбасса"
стереть с лица земли,"уничтожить, разрушить до основания","Как объяснили корейские власти, «отвратительные японские империалисты, безжалостно топтавшие землю Кореи, история и культура которой насчитывают пять тысяч лет, и пытавшиеся стереть с лица земли корейцев, совершили непростительные преступления, отняв у корейского народа даже его время»","Как объяснили корейские власти, «отвратительные японские империалисты, безжалостно топтавшие землю Кореи, история и культура которой насчитывают пять тысяч лет, и пытавшиеся полностью уничтожить корейцев, совершили непростительные преступления, отняв у корейского народа даже его время»"
стоять на пути,"мешать, препятствовать в достижении цели","Мы должны создавать новые рабочие места, привлекать максимальное количество инвесторов и рушить разного рода барьеры, которые стоят на пути прихода инвестиций","Мы должны создавать новые рабочие места, привлекать максимальное количество инвесторов и рушить разного рода барьеры, которые препятствуют приходу инвестиций"
стоять на пути,"мешать, препятствовать в достижении цели","Разумеется, правительство Грузии твердо стоит на пути мирного урегулирования конфликтов","Разумеется, правительство Грузии придерживается курса мирного урегулирования конфликтов"
стоять на пути,"мешать, препятствовать в достижении цели","Кроме того, нужно запомнить, где находится ближайший аварийный выход, и посчитать количество препятствий, которые стоят на пути к нему, на случай, если самолет будет задымлен","Кроме того, нужно запомнить, где находится ближайший аварийный выход, и посчитать количество препятствий, которые находятся на пути к нему, на случай, если самолет будет задымлен"
сухой остаток,"краткий вывод, суждение о чём-либо, полученный путём отбрасывания малозначимых деталей","В сухом остатке мы должны сэкономить на территориальных органах власти, - заявил один из кремлевских авторов реформы вертикали власти","В конечном итоге мы должны сэкономить на территориальных органах власти, — заявил один из кремлевских авторов реформы вертикали власти"
сходить с рук,оставаться безнаказанным,"Его наглые упреки в адрес всех нас — доказательство того, что ему все сходит с рук","Его наглые упреки в адрес всех нас — доказательство того, что ему всё безнаказанно"
теряться в догадках,тщетно стараться найти объяснение чему-либо,"Ему не понравится что я это пишу, он вообще всегда ненавидел мои длинные посты, но все же не хочу, чтобы люди терялись в догадках и тем более что-то додумывали от себя","Ему не понравится, что я это пишу, он вообще всегда ненавидел мои длинные посты, но всё же не хочу, чтобы люди не понимали, что происходит, и тем более что‑то додумывали от себя"
теряться в догадках,тщетно стараться найти объяснение чему-либо,Другие юзеры терялись в догадках и выражали удивление из-за появления актера в парламенте,Другие юзеры были в замешательстве и выражали удивление из‑за появления актера в парламенте
теряться в догадках,тщетно стараться найти объяснение чему-либо,"Местные жители теряются в догадках, почему поселение в восьми километрах к северу от Оксфорда стало популярным у иностранцев, пишет Daily Mail","Местные жители не могут понять, почему поселение в восьми километрах к северу от Оксфорда стало популярным у иностранцев, пишет Daily Mail"
теряться в догадках,тщетно стараться найти объяснение чему-либо,"Вскоре эта запись была удалена, но неологизм успел запомниться интернет-пользователям, терявшимся в догадках, что же он означает","Вскоре эта запись была удалена, но неологизм успел запомниться интернет‑пользователям, пытавшимся угадать, что же он означает"
теряться в догадках,тщетно стараться найти объяснение чему-либо,"Глава регионального союза виноделов сообщил тогда, что теряется в догадках относительно причин случившегося","Глава регионального союза виноделов сообщил тогда, что не имеет ясного представления относительно причин случившегося"
ударить по рукам,"договориться, заключить сделку","Прежде чем ударить по рукам, Робертс справился с базой данных ARL и понял, что картина была похищена","Прежде чем заключить сделку, Робертс справился с базой данных ARL и понял, что картина была похищена"
уйти в небытие,быть навсегда забытым или прекратить существование,"Бесконечные рукопашные поединки, коими так отличилась ""Перезагрузка"", ушли в небытие","Бесконечные рукопашные поединки, коими так отличилась «Перезагрузка», исчезли"
уйти в небытие,быть навсегда забытым или прекратить существование,"Мы будем делать все, чтобы власть как можно скорее ушла в небытие","Мы будем делать всё, чтобы власть как можно скорее прекратила своё существование"
уйти в небытие,быть навсегда забытым или прекратить существование,"За Дудаевым стояли слишком большие деньги, чтобы он так просто мог уйти в небытие","За Дудаевым стояли слишком большие деньги, чтобы он так просто мог утратить влияние"
ума не приложу,"не знать, что делать, и не понимать, что происходит","Ума не приложу, что могло заставить умных мужчин совершить такой поступок","Я не могу понять, что могло заставить умных мужчин совершить такой поступок"
ума не приложу,"не знать, что делать, и не понимать, что происходит","Ума не приложу, что Робби Уильямс вкладывал в этот свой жест","Понять не могу, что Робби Уильямс вкладывал в этот свой жест"
ума не приложу,"не знать, что делать, и не понимать, что происходит","Отвечая на вопрос, как он умудрился все это время ездить по городу с трупом животного, Писковец сказал: «Ума не приложу»","Отвечая на вопрос, как он умудрился всё это время ездить по городу с трупом животного, Писковец сказал: «Сам не знаю»"
умыть руки,"устраниться от участия в каком-либо деле, прекратить участие в чём-либо, снять с себя ответственность за что-либо",Иностранная компания получила несколько сотен миллионов рублей и умыла руки,Иностранная компания получила несколько сотен миллионов рублей и сняла с себя ответственность
умыть руки,"устраниться от участия в каком-либо деле, прекратить участие в чём-либо, снять с себя ответственность за что-либо","Мы такую норму создать не имеем права, — умыл руки судья","Мы такую норму создать не имеем права, — отстранился судья"
умыть руки,"устраниться от участия в каком-либо деле, прекратить участие в чём-либо, снять с себя ответственность за что-либо","Наутро все это рухнуло, они ""умыли руки"", сказав, что ""так получилось""","Наутро всё это рухнуло, они отказались от ответственности, сказав, что так получилось"
умыть руки,"устраниться от участия в каком-либо деле, прекратить участие в чём-либо, снять с себя ответственность за что-либо","В этой связи заместитель министра обороны Израиля Матан Виланаи заявил в эфире армейского радио, что Израиль хочет умыть руки","В этой связи заместитель министра обороны Израиля Матан Виланаи заявил в эфире армейского радио, что Израиль хочет устраниться от участия"
ходить ходуном,находиться в непрерывном движении,"Жители Катав-Ивановска рассказали о толчках, которые они ощутили, и о «ходивших ходуном» зданиях","Жители Катав-Ивановска рассказали о толчках, которые они ощутили, и о раскачивающихся зданиях"
ходить ходуном,находиться в непрерывном движении,"На кадрах видно, как заклинило механизм заряжания, как искрит проводка, не работают датчики и ходит ходуном пушка","На кадрах видно, как заклинило механизм заряжания, как искрит проводка, не работают датчики и раскаичвается пушка"
худо-бедно,"самое малое, по крайней мере","Худо-бедно, но общаюсь с коллегами, могу что-то ответить иностранным журналистам","Кое-как, но я общаюсь с коллегами, могу что‑то ответить иностранным журналистам"
худо-бедно,"самое малое, по крайней мере","Книга также стала своеобразным прощанием с независимой политической журналистикой в России, которая ""худо-бедно существовала во время ельцинских реформ и была уничтожена Путиным"", пояснила Трегубова","Книга также стала своеобразным прощанием с независимой политической журналистикой в России, которая «кое-как существовала во время ельцинских реформ и была уничтожена Путиным», пояснила Трегубова"
худо-бедно,"самое малое, по крайней мере","Если данная программа «худо-бедно шла в Академии, то в ФАНО застопорилась окончательно»","Если данная программа с трудом шла в Академии, то в ФАНО застопорилась окончательно"
худо-бедно,"самое малое, по крайней мере","Дома я худо-бедно сам себе хозяин, а там придется жить по общему распорядку","Дома я относительно сам себе хозяин, а там придется жить по общему распорядку"
целиком и полностью,"абсолютно, безоговорочно, без исключения","Очевидно, что это, скажем так, преднамеренное создание трудностей, которое целиком и полностью лежит на совести наших американских коллег","Очевидно, что это, скажем так, преднамеренное создание трудностей, которое безоговорочно лежит на совести наших американских коллег"
целиком и полностью,"абсолютно, безоговорочно, без исключения",Это целиком и полностью прерогатива редакционной политики СМИ,Это исключительно прерогатива редакционной политики СМИ
целиком и полностью,"абсолютно, безоговорочно, без исключения","«Мы целиком и полностью поддерживаем эту позицию», — сказал вице-спикер Госдумы от ЛДПР Игорь Лебедев, ознакомившись с заявлением ЦК КПРФ","«Мы абсолютно поддерживаем эту позицию», — сказал вице‑спикер Госдумы от ЛДПР Игорь Лебедев, ознакомившись с заявлением ЦК КПРФ"
целиком и полностью,"абсолютно, безоговорочно, без исключения","Ответственность за инцидент с российским Ил-20, сбитым сирийскими средствами ПВО после атаки израильских истребителей F-16, как считает Либерман, целиком и полностью лежит на армии президента Сирии Башара Асада","Ответственность за инцидент с российским Ил-20, сбитым сирийскими средствами ПВО после атаки израильских истребителей F-16, как считает Либерман, полностью лежит на армии президента Сирии Башара Асада"
целиком и полностью,"абсолютно, безоговорочно, без исключения","Петр Алексеевич, выполните свое обещание, остановите войну! Это целиком и полностью в ваших возможностях","Петр Алексеевич, выполните свое обещание, остановите войну! Это в полной мере в ваших возможностях"
цену набивать,преувеличивать значимость или стоимость,"Может, Самуэльссон так себе цену набивает — посмотрите, вот я такой","Может, Самуэльссон так себя расхваливает — посмотрите, вот я такой"
чувство локтя,"чувство коллективизма, общего участия в какой-нибудь работе","Там вырабатывается и чувство локтя, в хорошем смысле слова коллективизма, поддержки друг друга — чрезвычайно важные навыки для жизни","Там вырабатывается и чувство взаимовыручки, в хорошем смысле слова коллективизма, поддержки друг друга — чрезвычайно важные навыки для жизни"
чувство локтя,"чувство коллективизма, общего участия в какой-нибудь работе","В плане воспитания моральных качеств российского гражданина, воспитания чувства локтя, утерянного чувства коллективизма — маленький шаг вперед","В плане воспитания моральных качеств российского гражданина, воспитания чувства солидарности, утерянного чувства коллективизма — маленький шаг вперед"
шагу ступить,сделать самое минимальное или простое действие,Мы несколько лет не могли шагу ступить без повышенных мер безопасности,Мы несколько лет не могли ничего делать без повышенных мер безопасности
шагу ступить,сделать самое минимальное или простое действие,"Скорее всего, это была провокация какого-нибудь еврейчика, — предположил Иванов-Сухаревский, — в итоге теперь мы шагу ступить не можем","Скорее всего, это была провокация какого-нибудь еврейчика, — предположил Иванов-Сухаревский, — в итоге теперь мы ничего не можем сделать"
штучный товар,редкий уникальный и высококлассный специалист или вещь,Двухуровневые квартиры — это штучный товар на рынке жилья,"Двухуровневые квартиры — это товар, продаваемый единично, на рынке жилья"
штучный товар,редкий уникальный и высококлассный специалист или вещь,"По данным риелторов, квартиры с мансардами в Москве являются штучным товаром","По данным риелторов, квартиры с мансардами в Москве являются товаром, представленным в ограниченном количестве"
штучный товар,редкий уникальный и высококлассный специалист или вещь,"Учитывая специфику проекта, опыт работы с прибрежными территории, такие специалисты — штучный товар","Учитывая специфику проекта, опыт работы с прибрежными территориями, такие специалисты — уникальный ресурс"
шутки в сторону,призыв к серьёзному подходу в обсуждении какого-либо вопроса,"«Мы можем подтвердить, что это реально, мы ожидали внимания! Но шутки в сторону, фоторобот был создан по описанию, и женщина стала жертвой ужасного преступления совершенно серьезно!» — написали они в официальном аккаунте, уточнив, что надеются очень скоро поймать вора","«Мы можем подтвердить, что это реально, мы ожидали внимания! Но если серьёзно, то фоторобот был создан по описанию, и женщина стала жертвой ужасного преступления совершенно серьезно!» — написали они в официальном аккаунте, уточнив, что надеются очень скоро поймать вора"
шутки в сторону,призыв к серьёзному подходу в обсуждении какого-либо вопроса,"Но шутки в сторону! Мы действительно гордимся тем, что можем поделиться этим проектом с поклонниками, которые им так сильно увлечены и заинтересованы","Но на самом деле мы действительно гордимся тем, что можем поделиться этим проектом с поклонниками, которые им так сильно увлечены и заинтересованы"
шутки в сторону,призыв к серьёзному подходу в обсуждении какого-либо вопроса,"«Шутки в сторону, я имею честь совместно с мужчинами и женщинами нашей великой нации поддержать Дональда Трампа и верить, что он сможет исправить созданный политиками бардак в Вашингтоне","«Если говорить серьезно, я имею честь совместно с мужчинами и женщинами нашей великой нации поддержать Дональда Трампа и верить, что он сможет исправить созданный политиками бардак в Вашингтоне»"
шутки плохи,"следует поступать осторожно, не забывать, с кем или с чем имеешь дело, во избежание неприятных последствий, беды и т. д.","В статье журналист Александр Минкин написал, что организаторы концерта подорвали престиж премьер-министра страны и отмечал, что у Путина «репутация человека, с которым шутки плохи, очень плохи»","В статье журналист Александр Минкин написал, что организаторы концерта подорвали престиж премьер-министра страны и отмечал, что у Путина «репутация сурового и бескомпромиссного человека»"
яблоку негде упасть,"крайне тесное пространство, переполненное кем-либо или чем-либо ",Днем на нем яблоку негде упасть — каждый сантиметр занят загорающими телами,Днём на нём места нет — каждый сантиметр занят загорающими телами
ясно как день,абсолютно очевидно и понятно,"По словам высокопоставленного офицера НАТО, ""ясно как день"", что в случае с авиаударом по бензовозам полковник бундесвера не стал соблюдать четко установленную процедуру принятия решений","По словам высокопоставленного офицера НАТО, очевидно, что в случае с авиаударом по бензовозам полковник бундесвера не стал соблюдать четко установленную процедуру принятия решений"